t,root_x,root_y,root_z,action_min,action_max,action_mean
0.0020,0.000000,0.000000,0.899961,0.000000,0.000000,0.000000
0.0220,0.000000,0.000000,0.897410,0.000000,0.000000,0.000000
0.0420,0.000000,0.000000,0.890936,0.000000,0.000000,0.000000
0.0620,0.000000,0.000000,0.880537,0.000000,0.000000,0.000000
0.0820,0.000000,0.000000,0.866214,0.000000,0.000000,0.000000
0.1020,0.000000,0.000000,0.847968,0.000000,0.000000,0.000000
0.1220,0.000000,0.000000,0.825797,0.000000,0.000000,0.000000
0.1420,-0.003206,-0.000003,0.807232,0.000000,0.000000,0.000000
0.1620,-0.006764,-0.000009,0.797921,0.000000,0.000000,0.000000
0.1820,-0.006627,-0.000018,0.793640,0.000000,0.000000,0.000000
0.2020,-0.003674,-0.000027,0.792306,0.000000,0.000000,0.000000
0.2220,0.000855,-0.000036,0.792742,0.000000,0.000000,0.000000
0.2420,0.005986,-0.000045,0.794097,0.000000,0.000000,0.000000
0.2620,0.010738,-0.000051,0.795763,0.000000,0.000000,0.000000
0.2820,0.015270,-0.000056,0.797558,0.000000,0.000000,0.000000
0.3020,0.019630,-0.000060,0.799239,0.000000,0.000000,0.000000
0.3220,0.023739,-0.000064,0.800637,0.000000,0.000000,0.000000
0.3420,0.027585,-0.000067,0.801693,0.000000,0.000000,0.000000
0.3620,0.031216,-0.000069,0.802420,0.000000,0.000000,0.000000
0.3820,0.034714,-0.000070,0.802864,0.000000,0.000000,0.000000
0.4020,0.038167,-0.000070,0.803086,0.000000,0.000000,0.000000
0.4220,0.041659,-0.000070,0.803140,0.000000,0.000000,0.000000
0.4420,0.045256,-0.000070,0.803073,0.000000,0.000000,0.000000
0.4620,0.049011,-0.000069,0.802918,0.000000,0.000000,0.000000
0.4820,0.052958,-0.000067,0.802697,0.000000,0.000000,0.000000
0.5020,0.057124,-0.000064,0.802422,0.000000,0.000000,0.000000
0.5220,0.061523,-0.000061,0.802102,0.000000,0.000000,0.000000
0.5420,0.066165,-0.000056,0.801737,0.000000,0.000000,0.000000
0.5620,0.071058,-0.000051,0.801327,0.000000,0.000000,0.000000
0.5820,0.076207,-0.000044,0.800868,0.000000,0.000000,0.000000
0.6020,0.081619,-0.000036,0.800359,0.000000,0.000000,0.000000
0.6220,0.087301,-0.000028,0.799794,0.000000,0.000000,0.000000
0.6420,0.093262,-0.000018,0.799169,0.000000,0.000000,0.000000
0.6620,0.099514,-0.000006,0.798479,0.000000,0.000000,0.000000
0.6820,0.106068,0.000006,0.797718,0.000000,0.000000,0.000000
0.7020,0.112940,0.000020,0.796879,0.000000,0.000000,0.000000
0.7220,0.120148,0.000035,0.795951,0.000000,0.000000,0.000000
0.7420,0.127709,0.000051,0.794925,0.000000,0.000000,0.000000
0.7620,0.135645,0.000069,0.793787,0.000000,0.000000,0.000000
0.7820,0.143980,0.000088,0.792523,0.000000,0.000000,0.000000
0.8020,0.152739,0.000108,0.791112,-1.148176,1.293035,-0.032813
0.8220,0.163458,0.000292,0.790653,-1.078107,1.677381,-0.000911
0.8420,0.174971,0.000414,0.791429,-1.618568,1.968963,0.017691
0.8620,0.186289,0.000260,0.792992,-1.954508,2.116664,0.013883
0.8820,0.197589,-0.000743,0.795174,-1.917269,2.044246,-0.007329
0.9020,0.208973,-0.002693,0.797759,-1.527262,2.083254,-0.001608
0.9220,0.220369,-0.005501,0.800288,-0.941392,1.795506,-0.006046
0.9420,0.231781,-0.008979,0.802076,-0.975091,1.651876,-0.005615
0.9620,0.244048,-0.012442,0.803339,-1.540060,1.461216,0.068443
0.9820,0.257221,-0.015771,0.805401,-1.902660,2.818405,0.085817
1.0020,0.270652,-0.018753,0.809649,-2.090602,2.709835,0.083745
1.0220,0.284182,-0.021803,0.815116,-1.995504,2.156532,0.024885
1.0420,0.297912,-0.024686,0.820257,-1.730380,1.626223,-0.054916
1.0620,0.312001,-0.027151,0.823761,-1.377951,1.694323,-0.057988
1.0820,0.326396,-0.028982,0.824748,-1.187569,1.587072,-0.034872
1.1020,0.341192,-0.030367,0.823610,-1.321232,1.782826,-0.021239
1.1220,0.356354,-0.031582,0.821409,-1.343728,1.924957,-0.015807
1.1420,0.371902,-0.032464,0.819289,-1.422059,1.913620,0.002871
1.1620,0.387714,-0.033358,0.816884,-1.361318,2.123038,0.066979
1.1820,0.403710,-0.033806,0.813720,-1.115999,2.248339,0.128965
1.2020,0.420338,-0.033348,0.809735,-0.600891,2.288265,0.180853
1.2220,0.437807,-0.031876,0.805088,-0.521073,1.869541,0.181687
1.2420,0.454622,-0.031563,0.802873,-1.176932,1.756860,0.024655
1.2620,0.471131,-0.031502,0.803690,-1.574731,1.827650,-0.030989
1.2820,0.486882,-0.031155,0.806921,-1.475707,1.505823,-0.008379
1.3020,0.501576,-0.031002,0.811978,-1.530931,1.278986,-0.012626
1.3220,0.515402,-0.031189,0.817552,-1.559170,1.586124,0.008235
1.3420,0.528712,-0.031525,0.822612,-1.397524,1.770020,0.017249
1.3620,0.541673,-0.032015,0.826631,-1.117008,1.771208,0.008249
1.3820,0.554331,-0.032777,0.829634,-1.193851,1.581956,-0.000315
1.4020,0.566941,-0.033894,0.831817,-1.308801,1.013170,-0.001556
1.4220,0.579734,-0.035423,0.833663,-1.468803,0.914068,-0.030191
1.4420,0.592856,-0.037486,0.835363,-1.656441,1.309456,-0.048008
1.4620,0.606223,-0.040038,0.836918,-1.820961,1.575518,-0.055248
1.4820,0.619782,-0.042931,0.838369,-1.957454,1.695746,-0.056633
1.5020,0.633598,-0.046120,0.839640,-2.008090,1.596419,-0.058308
1.5220,0.647789,-0.049574,0.840722,-1.958808,1.418380,-0.060829
1.5420,0.662441,-0.053260,0.841519,-1.785015,1.273251,-0.055629
1.5620,0.677538,-0.057191,0.841751,-1.540487,1.118220,-0.044863
1.5820,0.693020,-0.061426,0.841117,-1.260403,1.038169,-0.031152
1.6020,0.708807,-0.065965,0.839355,-0.942316,1.011911,-0.010263
1.6220,0.724795,-0.070772,0.836130,-0.966741,1.027001,0.017556
1.6420,0.740796,-0.075293,0.831884,-1.067899,1.122114,0.056030
1.6620,0.756110,-0.078915,0.828406,-1.390630,1.864121,0.020584
1.6820,0.769795,-0.080973,0.827772,-1.554137,1.874299,0.000674
1.7020,0.782725,-0.082946,0.829109,-1.423427,1.422969,-0.021444
1.7220,0.795261,-0.085034,0.831499,-1.300792,1.085047,-0.050505
1.7420,0.807553,-0.087089,0.834032,-1.365563,1.471847,-0.058991
1.7620,0.819656,-0.088934,0.836280,-1.493377,1.671598,-0.065634
1.7820,0.831680,-0.090487,0.838199,-1.520750,1.636237,-0.068240
1.8020,0.843749,-0.091754,0.839846,-1.512369,1.451220,-0.063969
1.8220,0.855955,-0.092685,0.841220,-1.546580,1.125366,-0.064515
1.8420,0.868202,-0.093303,0.842485,-1.575914,0.742588,-0.053466
1.8620,0.880627,-0.093669,0.843866,-1.646231,0.746454,-0.044879
1.8820,0.893302,-0.093818,0.845454,-1.698912,0.927332,-0.043192
1.9020,0.906227,-0.093775,0.847087,-1.782765,1.024412,-0.043410
1.9220,0.919439,-0.093469,0.848465,-1.792626,1.053342,-0.041440
1.9420,0.933002,-0.092819,0.849402,-1.725921,1.029047,-0.030640
1.9620,0.946923,-0.091778,0.849759,-1.556168,0.932292,-0.014387
1.9820,0.961161,-0.090299,0.849258,-1.278859,0.855199,0.010406
2.0020,0.975640,-0.088271,0.847558,-0.997069,0.918725,0.050153
2.0220,0.990409,-0.085540,0.844191,-1.139122,1.014104,0.076160
2.0420,1.005567,-0.082585,0.839173,-1.281010,1.380885,0.015100
2.0620,1.019398,-0.081669,0.837435,-1.464279,1.765584,-0.075945
2.0820,1.032241,-0.081107,0.838765,-1.273758,1.590276,-0.040272
2.1020,1.044543,-0.080397,0.841813,-1.129938,1.203159,-0.016272
2.1220,1.056299,-0.079747,0.845524,-1.048549,1.131448,0.009395
2.1420,1.067716,-0.079116,0.849055,-0.885166,1.319251,0.014502
2.1620,1.078914,-0.078464,0.851696,-0.942322,1.254057,0.018646
2.1820,1.089544,-0.078054,0.852796,-1.155431,1.131917,0.016898
2.2020,1.099589,-0.078353,0.851537,-1.199656,1.580759,0.032308
2.2220,1.109449,-0.079611,0.846952,-1.138599,1.428373,0.008359
2.2420,1.119430,-0.080678,0.840000,-1.290560,1.313453,-0.042585
2.2620,1.129546,-0.079466,0.836023,-1.414651,1.335096,-0.074082
2.2820,1.140711,-0.078267,0.834963,-1.446991,1.251018,-0.090886
2.3020,1.152864,-0.077303,0.836027,-1.375153,0.865784,-0.091690
2.3220,1.165718,-0.076324,0.838271,-1.447455,0.629178,-0.068372
2.3420,1.178677,-0.075211,0.840836,-1.494617,0.602814,-0.050455
2.3620,1.191418,-0.073867,0.843165,-1.518610,0.568787,-0.032604
2.3820,1.203998,-0.072113,0.844806,-1.476859,0.755823,-0.005826
2.4020,1.216629,-0.069760,0.845243,-1.259600,1.057972,0.036637
2.4220,1.229459,-0.066709,0.844165,-0.747852,1.254946,0.081751
2.4420,1.242770,-0.062985,0.841007,-0.712446,1.481421,0.119615
2.4620,1.255927,-0.058818,0.835620,-1.095459,1.912141,0.054629
2.4820,1.267053,-0.056811,0.832414,-1.574801,2.497332,0.034906
2.5020,1.277938,-0.055342,0.831036,-1.830257,3.297874,0.059001
2.5220,1.289236,-0.053807,0.830202,-1.913745,4.063115,0.075610
2.5420,1.300818,-0.052433,0.829307,-2.053282,4.923275,0.105127
2.5620,1.312483,-0.051364,0.827859,-2.110252,5.441776,0.107629
2.5820,1.324062,-0.050565,0.826124,-2.219006,5.583388,0.094517
2.6020,1.335792,-0.050180,0.824873,-2.393548,5.500797,0.058426
2.6220,1.348016,-0.050377,0.824586,-2.426209,5.357633,0.026763
2.6420,1.361080,-0.051095,0.825550,-2.257834,4.894063,-0.019074
2.6620,1.375203,-0.052173,0.828163,-1.885684,4.012438,-0.041791
2.6820,1.390224,-0.053269,0.832975,-1.956805,2.916838,-0.037973
2.7020,1.405477,-0.054137,0.840023,-2.027173,2.711626,-0.007062
2.7220,1.420288,-0.055502,0.848746,-2.034004,3.204251,0.029151
2.7420,1.434953,-0.057798,0.858547,-2.006542,3.499035,0.044060
2.7620,1.450241,-0.060580,0.868860,-1.812950,3.809389,0.045528
2.7820,1.466424,-0.064092,0.879537,-1.357418,4.363100,0.060434
2.8020,1.482639,-0.068346,0.891882,-0.890409,4.602549,0.075497
2.8220,1.499547,-0.074258,0.905009,-0.717766,3.653716,0.157872
2.8420,1.516397,-0.081189,0.916732,-0.670577,1.674158,0.241350
2.8620,1.528731,-0.086777,0.928437,-0.833984,3.135578,0.215289
2.8820,1.539873,-0.092024,0.940279,-0.799859,3.702498,0.152942
2.9020,1.551209,-0.096913,0.952079,-0.931233,4.247739,0.111675
2.9220,1.562492,-0.101415,0.963914,-1.025744,5.062558,0.147884
2.9420,1.573559,-0.105473,0.975603,-1.165497,5.676220,0.182576
2.9620,1.584346,-0.109012,0.987089,-1.280389,5.443494,0.192185
2.9820,1.594942,-0.112621,0.998086,-1.635327,4.933038,0.146110
3.0020,1.606017,-0.116910,1.006780,-1.792701,4.699325,0.084746
3.0220,1.617198,-0.121284,1.011875,-1.838639,4.821302,0.073767
3.0420,1.628530,-0.125311,1.013712,-1.689410,5.314854,0.128933
3.0620,1.638965,-0.127737,1.014346,-1.604116,5.502784,0.159880
3.0820,1.649215,-0.128564,1.015859,-1.513545,5.049349,0.130295
3.1020,1.660126,-0.129054,1.018909,-1.561593,4.337555,0.089343
3.1220,1.671379,-0.129946,1.023071,-1.638825,3.843157,0.087086
3.1420,1.682477,-0.131114,1.027289,-1.683812,3.651008,0.104619
3.1620,1.693682,-0.132127,1.030680,-1.715439,3.534271,0.128512
3.1820,1.704991,-0.132477,1.033365,-1.730179,3.410731,0.149642
3.2020,1.716531,-0.132300,1.035670,-1.646551,3.066247,0.152104
3.2220,1.728240,-0.131839,1.038018,-1.549423,2.670793,0.148151
3.2420,1.739894,-0.131261,1.040608,-1.552566,2.391902,0.139440
3.2620,1.751672,-0.130709,1.042993,-1.634313,2.277327,0.126568
3.2820,1.763674,-0.129973,1.044703,-1.732750,2.308545,0.115398
3.3020,1.775556,-0.129440,1.045987,-1.747762,2.710607,0.126943
3.3220,1.786621,-0.129574,1.048162,-1.674367,3.220253,0.147331
3.3420,1.797281,-0.129818,1.051599,-1.504877,3.699605,0.162234
3.3620,1.807819,-0.129986,1.056687,-1.274496,4.111546,0.178829
3.3820,1.818337,-0.130241,1.063617,-1.259955,4.393817,0.190874
3.4020,1.828770,-0.130862,1.072103,-1.278918,4.497830,0.191635
3.4220,1.838930,-0.131605,1.082169,-1.250830,4.694933,0.200024
3.4420,1.849328,-0.132089,1.093895,-1.129961,4.784329,0.213763
3.4620,1.860077,-0.131913,1.106892,-0.931865,4.734611,0.218246
3.4820,1.870997,-0.130970,1.120505,-0.839458,3.469970,0.190658
3.5020,1.882055,-0.129299,1.132821,-1.044196,2.310228,0.135154
3.5220,1.892865,-0.127833,1.143021,-1.097970,3.323807,0.112023
3.5420,1.903709,-0.127045,1.151448,-1.527164,4.130954,0.111675
3.5620,1.915219,-0.127015,1.158458,-2.007823,4.679212,0.118453
3.5820,1.927498,-0.127451,1.164738,-2.216438,5.054279,0.118153
3.6020,1.940255,-0.128013,1.170717,-2.221470,5.319731,0.103446
3.6220,1.953264,-0.128540,1.176542,-2.230305,5.429409,0.067700
3.6420,1.966306,-0.129475,1.182649,-2.178311,5.261717,0.024072
3.6620,1.979847,-0.131165,1.189503,-2.000689,4.826413,-0.023020
3.6820,1.994164,-0.133543,1.197403,-1.639811,4.049577,-0.062753
3.7020,2.008881,-0.136417,1.206754,-1.664817,3.269998,-0.084236
3.7220,2.023896,-0.139451,1.217454,-1.825493,2.637342,-0.070284
3.7420,2.039100,-0.142657,1.228911,-1.875513,2.249797,-0.041666
3.7620,2.054175,-0.146361,1.240801,-1.866196,2.656320,-0.009324
3.7820,2.069439,-0.150137,1.252718,-1.695604,3.108954,0.020525
3.8020,2.085097,-0.154453,1.264258,-1.406370,3.436897,0.044480
3.8220,2.100780,-0.159516,1.275929,-0.850024,3.804787,0.071789
3.8420,2.116301,-0.165624,1.288257,-0.508963,3.552794,0.107017
3.8620,2.131058,-0.172882,1.300085,-0.561018,1.283268,0.222206
3.8820,2.142568,-0.178729,1.312117,-0.720836,2.845517,0.219246
3.9020,2.153764,-0.184122,1.323936,-0.795958,3.625249,0.169361
3.9220,2.165006,-0.189466,1.335532,-0.867184,4.123489,0.109430
3.9420,2.176050,-0.194564,1.347124,-1.033688,4.752262,0.109692
3.9620,2.186941,-0.199261,1.358605,-1.211430,5.410855,0.147489
3.9820,2.197768,-0.203354,1.369822,-1.301163,5.638993,0.157579
4.0020,2.208285,-0.206991,1.380908,-1.547460,5.346657,0.142561
4.0220,2.218755,-0.210862,1.391228,-1.744914,4.982279,0.090072
4.0420,2.229579,-0.215110,1.399527,-1.803209,4.718983,0.053124
4.0620,2.240799,-0.219391,1.405167,-1.761546,4.653308,0.063042
4.0820,2.252202,-0.223212,1.408533,-1.674725,4.745990,0.091145
4.1020,2.263253,-0.225819,1.411130,-1.557630,4.632717,0.102936
4.1220,2.274295,-0.227281,1.414482,-1.426493,4.183564,0.098198
4.1420,2.285561,-0.228161,1.419198,-1.340775,3.618684,0.090065
4.1620,2.296874,-0.229025,1.424840,-1.367474,3.199880,0.092840
4.1820,2.308098,-0.229880,1.430315,-1.470087,2.976687,0.103670
4.2020,2.319370,-0.230426,1.434721,-1.595526,2.915725,0.120889
4.2220,2.330712,-0.230499,1.437692,-1.681814,2.796832,0.128250
4.2420,2.342155,-0.230157,1.439556,-1.731535,2.635881,0.129944
4.2620,2.353700,-0.229543,1.440795,-1.722856,2.380037,0.125583
4.2820,2.364918,-0.229224,1.442410,-1.683320,2.591903,0.125599
4.3020,2.375347,-0.229527,1.445545,-1.589084,2.883044,0.141656
4.3220,2.385269,-0.229862,1.450110,-1.527062,3.060703,0.151756
4.3420,2.395018,-0.229898,1.455700,-1.481909,3.182534,0.155983
4.3620,2.404836,-0.229624,1.461733,-1.430996,3.271337,0.150092
4.3820,2.414795,-0.229167,1.467700,-1.381515,3.337763,0.138393
4.4020,2.424848,-0.228637,1.473281,-1.329257,3.351562,0.124004
4.4220,2.435138,-0.228052,1.478345,-1.348484,3.401352,0.116154
4.4420,2.445732,-0.227433,1.483006,-1.301820,3.730817,0.125843
4.4620,2.456296,-0.226561,1.487745,-1.186274,4.142367,0.151082
4.4820,2.466042,-0.225398,1.493756,-1.029077,4.520718,0.180289
4.5020,2.475564,-0.223844,1.502140,-0.775300,4.684120,0.202722
4.5220,2.485457,-0.221424,1.512977,-0.780972,3.552869,0.187951
4.5420,2.495846,-0.218019,1.524667,-1.072129,2.220435,0.127543
4.5620,2.505985,-0.214619,1.535323,-1.154226,3.563586,0.118621
4.5820,2.516536,-0.211950,1.544825,-1.637270,4.157179,0.125203
4.6020,2.527799,-0.210050,1.553512,-2.081130,4.603004,0.138057
4.6220,2.539986,-0.208577,1.561867,-2.230404,4.977583,0.144123
4.6420,2.552729,-0.207432,1.569909,-2.230389,5.181417,0.117953
4.6620,2.565674,-0.206611,1.577683,-2.264897,5.146548,0.068553
4.6820,2.578845,-0.206194,1.585582,-2.211639,4.840966,0.022121
4.7020,2.592578,-0.206271,1.594099,-1.848565,4.148354,-0.010930
4.7220,2.606854,-0.206796,1.603754,-1.537052,3.332649,-0.048848
4.7420,2.621542,-0.207466,1.614549,-1.744470,2.573737,-0.053770
4.7620,2.636191,-0.208400,1.626413,-1.863734,2.688697,-0.037828
4.7820,2.650635,-0.209998,1.639164,-1.919133,3.158409,-0.013270
4.8020,2.665185,-0.212186,1.652485,-1.849470,3.393142,0.005466
4.8220,2.680246,-0.214746,1.666008,-1.553977,3.836550,0.026318
4.8420,2.695330,-0.217182,1.680382,-1.063754,4.382406,0.052878
4.8620,2.710570,-0.220633,1.695850,-0.573657,4.220283,0.097355
4.8820,2.726397,-0.225652,1.710501,-0.951724,1.946299,0.202106
4.9020,2.739314,-0.229994,1.723630,-0.663184,2.907462,0.243720
4.9220,2.750635,-0.233401,1.736403,-0.748079,3.731429,0.194396
4.9420,2.762023,-0.236929,1.748468,-0.821357,4.227358,0.137101
4.9620,2.773507,-0.240366,1.760160,-1.044930,4.793058,0.113148
4.9820,2.784897,-0.243486,1.771429,-1.389422,5.543894,0.157078
5.0020,2.796260,-0.246039,1.782018,-1.457427,5.734271,0.174781
5.0220,2.807414,-0.248140,1.792141,-1.579683,5.270535,0.158338
5.0420,2.818565,-0.250359,1.801579,-1.734746,4.858480,0.103281
5.0620,2.830201,-0.252823,1.809022,-1.732373,4.678193,0.068547
5.0820,2.842055,-0.254991,1.813976,-1.682855,4.561664,0.074894
5.1020,2.853993,-0.256334,1.817083,-1.581317,4.535677,0.084033
5.1220,2.866120,-0.256653,1.819262,-1.491146,4.357370,0.084061
5.1420,2.878447,-0.256198,1.821336,-1.437966,3.995126,0.077584
5.1620,2.890778,-0.255271,1.823788,-1.435534,3.553759,0.072546
5.1820,2.903141,-0.254192,1.826376,-1.506321,3.325714,0.084001
5.2020,2.915261,-0.252758,1.828981,-1.552908,3.105706,0.097702
5.2220,2.927325,-0.250932,1.831481,-1.609682,2.871031,0.101901
5.2420,2.939518,-0.248782,1.833713,-1.636046,2.553580,0.099742
5.2620,2.951796,-0.246330,1.835628,-1.624662,2.206870,0.090697
5.2820,2.963940,-0.243908,1.837590,-1.575013,2.068734,0.096519
5.3020,2.974947,-0.242308,1.841297,-1.480931,2.386093,0.121834
5.3220,2.985315,-0.241173,1.846726,-1.417306,2.635792,0.147862
5.3420,2.995340,-0.239930,1.853410,-1.406637,2.682964,0.163154
5.3620,3.005241,-0.238474,1.860606,-1.445664,2.600491,0.163669
5.3820,3.015168,-0.236822,1.867354,-1.537427,2.564522,0.156869
5.4020,3.025188,-0.234908,1.872815,-1.676065,2.441241,0.132615
5.4220,3.035357,-0.232824,1.876491,-1.765402,2.427229,0.115729
5.4420,3.045720,-0.230660,1.878173,-1.832019,2.497222,0.104787
5.4620,3.056185,-0.228378,1.878097,-1.846198,2.624647,0.093670
5.4820,3.066627,-0.225949,1.876913,-1.750528,2.851235,0.097213
5.5020,3.076878,-0.223354,1.875468,-1.587702,3.200161,0.110051
5.5220,3.086860,-0.220550,1.874625,-1.409808,3.488177,0.119300
5.5420,3.096589,-0.217517,1.875102,-1.249408,3.685131,0.134671
5.5620,3.106111,-0.214271,1.877268,-1.180155,3.905058,0.154766
5.5820,3.115491,-0.210756,1.881173,-1.072491,4.071542,0.174456
5.6020,3.124728,-0.206858,1.886696,-0.941307,4.124533,0.189172
5.6220,3.133228,-0.202770,1.894182,-0.803297,4.096720,0.198312
5.6420,3.142037,-0.198397,1.903779,-0.535004,3.549899,0.189894
5.6620,3.151591,-0.193180,1.914136,-1.001105,1.201779,0.120861
5.6820,3.161050,-0.187118,1.924037,-1.273618,2.780845,0.120513
5.7020,3.170943,-0.181499,1.933653,-1.219599,3.371817,0.128147
5.7220,3.181827,-0.176919,1.943093,-1.505919,3.582416,0.119083
5.7420,3.193894,-0.172899,1.952752,-1.673315,3.801095,0.118027
5.7620,3.206833,-0.169255,1.962585,-1.599476,3.648405,0.094984
5.7820,3.220143,-0.165753,1.972472,-1.534554,3.017824,0.054085
5.8020,3.233574,-0.162072,1.982505,-1.426019,2.207118,0.014918
5.8220,3.247103,-0.158417,1.992665,-1.068222,1.624568,-0.009885
5.8420,3.260554,-0.154971,2.002844,-1.281655,1.713975,-0.016094
5.8620,3.273978,-0.151859,2.012341,-1.516562,1.693892,-0.010367
5.8820,3.287593,-0.149004,2.020268,-1.656104,1.909029,-0.000508
5.9020,3.301462,-0.146100,2.026120,-1.665445,1.869403,-0.001261
5.9220,3.315486,-0.143025,2.030047,-1.592793,2.216523,-0.009738
5.9420,3.329720,-0.139938,2.032493,-1.379031,2.717268,-0.005564
5.9620,3.344174,-0.137130,2.033950,-0.964406,3.215255,0.014441
5.9820,3.358815,-0.134928,2.034929,-0.959277,3.447093,0.065124
6.0020,3.373784,-0.133609,2.035673,-0.879180,2.261384,0.125538
6.0220,3.389774,-0.133535,2.034810,-0.977172,2.144126,0.147107
6.0420,3.405557,-0.133520,2.031166,-1.398730,2.095309,0.096152
6.0620,3.419642,-0.131883,2.028041,-1.548067,2.165068,0.031466
6.0820,3.431682,-0.129214,2.026336,-1.598014,2.373511,-0.020466
6.1020,3.442323,-0.126297,2.026477,-1.348114,2.606533,-0.039527
6.1220,3.452861,-0.123831,2.027184,-1.258511,2.815291,-0.026334
6.1420,3.463132,-0.121406,2.027845,-1.326729,2.915480,-0.004565
6.1620,3.473180,-0.118809,2.028236,-1.214818,2.488871,-0.007177
6.1820,3.482965,-0.116107,2.028875,-1.258218,2.085959,-0.026714
6.2020,3.492858,-0.113264,2.029788,-1.354895,1.859325,-0.023639
6.2220,3.503157,-0.110134,2.030901,-1.396298,1.635822,-0.020605
6.2420,3.513974,-0.106735,2.032143,-1.418206,1.322413,-0.024015
6.2620,3.525008,-0.103024,2.033773,-1.509724,1.331218,-0.028247
6.2820,3.536294,-0.099067,2.035778,-1.584990,1.335714,-0.030608
6.3020,3.547969,-0.094863,2.037895,-1.612197,1.309941,-0.026677
6.3220,3.559877,-0.090326,2.040258,-1.636040,1.242716,-0.026736
6.3420,3.572165,-0.085571,2.042634,-1.627705,1.157982,-0.029462
6.3620,3.584909,-0.080570,2.044819,-1.590038,1.120650,-0.030356
6.3820,3.598175,-0.075318,2.046591,-1.562905,1.077600,-0.028084
6.4020,3.611757,-0.069745,2.047868,-1.564523,1.036919,-0.028173
6.4220,3.625641,-0.063914,2.048525,-1.539250,0.978634,-0.030027
6.4420,3.639839,-0.057862,2.048495,-1.495607,0.951909,-0.023128
6.4620,3.654316,-0.051547,2.047773,-1.386262,1.054488,-0.006728
6.4820,3.669028,-0.044976,2.046203,-1.256373,1.219442,0.014313
6.5020,3.683948,-0.038098,2.043664,-1.015997,1.386931,0.042323
6.5220,3.699010,-0.030852,2.039930,-0.684005,1.539863,0.081570
6.5420,3.714096,-0.023053,2.034740,-0.728085,1.493586,0.108555
6.5620,3.729445,-0.014422,2.027876,-0.847937,0.983193,0.107948
6.5820,3.745023,-0.005978,2.021165,-1.746995,1.470575,-0.045580
6.6020,3.758729,0.000066,2.018585,-2.059608,1.618056,-0.104719
6.6220,3.771477,0.005711,2.019388,-1.827183,1.208368,-0.059992
6.6420,3.783790,0.011194,2.022086,-1.738408,1.486585,-0.054482
6.6620,3.795709,0.016285,2.025420,-1.567958,1.749895,-0.018276
6.6820,3.807501,0.021055,2.028558,-1.337177,1.936222,0.007875
6.7020,3.819233,0.025509,2.030981,-1.128242,1.976250,0.004784
6.7220,3.830881,0.029478,2.032749,-1.165172,1.801041,0.001573
6.7420,3.842626,0.033069,2.033919,-1.234802,1.226694,-0.004082
6.7620,3.854532,0.036382,2.034939,-1.402795,0.823927,-0.021641
6.7820,3.866704,0.039319,2.035904,-1.565291,1.120458,-0.025682
6.8020,3.879124,0.041904,2.036871,-1.698426,1.335182,-0.031345
6.8220,3.891838,0.044264,2.037818,-1.841616,1.480000,-0.036643
6.8420,3.904858,0.046435,2.038669,-1.959130,1.501156,-0.040910
6.8620,3.918296,0.048407,2.039332,-2.001329,1.446239,-0.044553
6.8820,3.932253,0.050258,2.039786,-1.967825,1.311027,-0.048932
6.9020,3.946732,0.052026,2.039886,-1.875833,1.154687,-0.049974
6.9220,3.961731,0.053796,2.039531,-1.732595,1.208727,-0.046392
6.9420,3.977171,0.055543,2.038683,-1.567040,1.421332,-0.039971
6.9620,3.992954,0.057206,2.037234,-1.338373,1.663410,-0.022248
6.9820,4.009016,0.058736,2.035028,-1.042338,1.859478,0.004518
7.0020,4.025309,0.059984,2.031942,-0.701937,1.984146,0.036260
7.0220,4.041920,0.060756,2.027801,-0.696144,2.041693,0.075883
7.0420,4.059140,0.060958,2.023013,-0.856785,1.407027,0.115599
7.0620,4.076102,0.061643,2.019457,-1.784131,2.090357,0.058170
7.0820,4.090239,0.063705,2.019445,-1.747375,1.987660,0.014909
7.1020,4.103378,0.065546,2.021915,-1.647289,1.354851,-0.030368
7.1220,4.116178,0.066980,2.025372,-1.520910,1.439968,-0.060511
7.1420,4.128529,0.068285,2.028620,-1.227681,1.915684,-0.057805
7.1620,4.140388,0.069696,2.031058,-1.332425,2.141293,-0.044110
7.1820,4.151766,0.071435,2.032935,-1.319774,2.033883,-0.038301
7.2020,4.163006,0.073387,2.034483,-1.264184,1.752126,-0.031998
7.2220,4.174239,0.075616,2.035814,-1.305504,1.439120,-0.033975
7.2420,4.185524,0.078117,2.037028,-1.370324,1.029803,-0.025397
7.2620,4.197014,0.080888,2.038512,-1.466539,1.126808,-0.021763
7.2820,4.208796,0.083951,2.040359,-1.594301,1.314831,-0.028781
7.3020,4.220903,0.087308,2.042358,-1.721008,1.411996,-0.038417
7.3220,4.233299,0.091038,2.044301,-1.794743,1.413485,-0.044712
7.3420,4.246067,0.095106,2.045877,-1.793349,1.366803,-0.039733
7.3620,4.259179,0.099548,2.046989,-1.707136,1.268194,-0.028365
7.3820,4.272632,0.104389,2.047491,-1.576077,1.156640,-0.015464
7.4020,4.286374,0.109656,2.047183,-1.394808,1.072429,0.000492
7.4220,4.300342,0.115409,2.045848,-1.159690,1.068450,0.018062
7.4420,4.314510,0.121725,2.043261,-0.968320,1.150510,0.041413
7.4620,4.328829,0.128145,2.039642,-0.985647,1.323332,0.074674
7.4820,4.343149,0.134175,2.035890,-1.078277,1.364604,0.064734
7.5020,4.356579,0.139535,2.033432,-1.489082,1.665750,-0.053730
7.5220,4.368551,0.143931,2.033935,-1.717960,1.480710,-0.023518
7.5420,4.379821,0.148270,2.036318,-1.687515,1.158809,0.005309
7.5620,4.390475,0.152284,2.039402,-1.575133,1.461433,0.024402
7.5820,4.400735,0.156062,2.042367,-1.267012,1.676196,0.059328
7.6020,4.410655,0.159438,2.044973,-1.267286,1.808686,0.072150
7.6220,4.420347,0.162290,2.046956,-1.322842,1.693959,0.061075
7.6420,4.429928,0.164612,2.048395,-1.424961,1.622779,0.049457
7.6620,4.439555,0.166442,2.049470,-1.525066,1.602790,0.039728
7.6820,4.449302,0.167864,2.050281,-1.682537,1.539835,0.024848
7.7020,4.459169,0.168829,2.050734,-1.798228,1.455132,0.016480
7.7220,4.469176,0.169426,2.050831,-1.864258,1.341473,0.006178
7.7420,4.479363,0.169693,2.050716,-1.938129,1.169968,-0.007961
7.7620,4.489807,0.169727,2.050367,-1.957139,1.148327,-0.017456
7.7820,4.500685,0.169534,2.049845,-1.892441,1.176069,-0.024223
7.8020,4.512080,0.169144,2.049154,-1.810688,1.258664,-0.030767
7.8220,4.524008,0.168644,2.048222,-1.726627,1.361366,-0.033232
7.8420,4.536494,0.167984,2.047053,-1.641057,1.470967,-0.025703
7.8620,4.549547,0.167120,2.045601,-1.505204,1.629330,-0.011229
7.8820,4.563127,0.165998,2.043666,-1.374965,1.824765,0.004923
7.9020,4.577217,0.164519,2.041143,-1.194572,1.914325,0.020837
7.9220,4.591883,0.162541,2.037840,-1.115027,1.914848,0.044413
7.9420,4.607069,0.159988,2.033771,-1.298198,1.547816,0.069483
7.9620,4.622005,0.157686,2.030913,-1.320299,1.530106,0.007746
7.9820,4.634826,0.156751,2.031654,-1.328557,1.479404,-0.035242
8.0020,4.647073,0.155802,2.034030,-1.334812,1.112710,-0.059816
8.0220,4.659341,0.154485,2.036985,-1.586392,0.620827,-0.096634
8.0420,4.671587,0.153077,2.039854,-1.932848,0.538521,-0.112620
8.0620,4.683824,0.151856,2.042518,-2.104315,0.595425,-0.100236
8.0820,4.696113,0.150925,2.045017,-2.106250,0.658859,-0.091118
8.1020,4.708480,0.150217,2.047226,-2.105234,0.618338,-0.088323
8.1220,4.720951,0.149742,2.048778,-2.045794,0.575630,-0.091902
8.1420,4.733443,0.149614,2.049858,-2.049079,0.695316,-0.084220
8.1620,4.746120,0.149682,2.050519,-2.026658,0.863216,-0.070016
8.1820,4.759061,0.150026,2.050907,-1.844054,1.027287,-0.038381
8.2020,4.772143,0.150667,2.050941,-1.654071,1.114267,-0.010578
8.2220,4.785169,0.151703,2.050522,-1.658339,1.208082,0.022061
8.2420,4.798014,0.153130,2.049290,-1.970826,1.286578,0.065718
8.2620,4.810904,0.154908,2.046886,-1.980842,2.161786,0.064283
8.2820,4.824718,0.156083,2.045653,-1.347244,2.734031,0.012767
8.3020,4.838654,0.156773,2.046867,-1.348420,2.805410,0.047442
8.3220,4.851934,0.158215,2.048346,-1.021150,2.686270,0.072463
8.3420,4.864436,0.159573,2.049484,-0.739317,2.457508,0.076466
8.3620,4.876142,0.160601,2.049660,-0.713352,2.031318,0.081329
8.3820,4.887021,0.160949,2.048582,-0.682045,1.611606,0.110190
8.4020,4.896915,0.160446,2.045712,-0.750106,1.598753,0.132523
8.4220,4.906345,0.159061,2.040148,-0.627485,1.919020,0.166278
8.4420,4.916276,0.158159,2.033079,-1.174364,2.297731,0.176562
8.4620,4.926988,0.158242,2.025414,-1.510409,3.118006,0.163707
8.4820,4.937242,0.159124,2.018420,-1.566134,3.720408,0.126787
8.5020,4.948350,0.159880,2.011603,-1.507632,4.102886,0.107775
8.5220,4.959891,0.160454,2.004521,-1.370365,4.311780,0.101898
8.5420,4.971531,0.161212,1.997254,-1.255475,4.312555,0.098951
8.5620,4.983368,0.162358,1.989963,-1.210031,3.888415,0.086091
8.5820,4.995384,0.163930,1.982963,-1.113657,3.286658,0.052968
8.6020,5.007654,0.165994,1.976075,-1.010554,2.715804,0.028359
8.6220,5.020119,0.168540,1.968937,-0.918131,2.085454,0.006134
8.6420,5.032753,0.171412,1.961427,-0.927099,1.451812,0.001948
8.6620,5.045437,0.174552,1.953584,-0.875216,1.906601,0.006235
8.6820,5.058348,0.177814,1.945418,-0.878357,2.342956,0.015111
8.7020,5.071838,0.181058,1.936531,-0.826389,2.698709,0.035765
8.7220,5.085847,0.184621,1.926823,-0.661881,3.038325,0.071405
8.7420,5.100747,0.188187,1.916107,-0.782475,3.184617,0.084164
8.7620,5.116580,0.191743,1.903778,-1.037223,3.384724,0.090128
8.7820,5.133083,0.195831,1.889280,-1.513819,3.537145,0.095757
8.8020,5.150033,0.201057,1.871250,-1.972787,3.384026,0.117626
8.8220,5.167132,0.207443,1.848886,-2.304458,3.972433,0.104389
8.8420,5.184665,0.214624,1.822274,-2.521356,4.764695,0.112398
8.8620,5.202898,0.222458,1.791438,-2.748394,5.465540,0.120291
8.8820,5.221622,0.230963,1.756214,-2.769658,5.873610,0.139557
8.9020,5.240457,0.239988,1.716598,-2.754540,6.115234,0.141231
8.9220,5.259329,0.249324,1.672679,-2.526683,6.063240,0.135499
8.9420,5.278262,0.258675,1.624370,-2.175371,5.829433,0.115671
8.9620,5.297409,0.267605,1.571414,-1.833797,5.281131,0.084456
8.9820,5.316764,0.275678,1.513771,-1.771765,4.242590,0.035984
9.0020,5.336102,0.282698,1.452001,-2.255477,2.945178,-0.025604
9.0220,5.354992,0.288818,1.387150,-2.820070,2.775234,-0.086453
9.0420,5.373388,0.294775,1.319707,-3.043696,3.606055,-0.113694
9.0620,5.391087,0.300639,1.249673,-3.144315,4.265205,-0.101800
9.0820,5.408223,0.306217,1.176918,-3.033925,5.267566,-0.078212
9.1020,5.424841,0.311452,1.101093,-2.983957,6.264100,-0.088598
9.1220,5.442016,0.316560,1.021756,-2.783691,7.512508,-0.087853
9.1420,5.460269,0.321687,0.938836,-2.934665,8.466221,-0.022518
9.1620,5.481376,0.326047,0.857984,-3.567577,8.555778,-0.064572
9.1820,5.512641,0.331682,0.795414,-3.272890,4.894780,-0.078704
9.2020,5.547275,0.342405,0.739154,-3.283538,3.440294,-0.150841
9.2220,5.578474,0.370103,0.698368,-5.756945,4.635912,-0.156568
9.2420,5.611699,0.400062,0.671172,-3.350139,3.281469,0.056873
9.2620,5.636505,0.436266,0.653007,-4.013874,3.629781,-0.032001
9.2820,5.647912,0.477900,0.641772,-4.942064,4.265815,-0.002744
9.3020,5.656311,0.511353,0.631565,-6.744777,4.146079,-0.065441
9.3220,5.664075,0.541294,0.620489,-4.940540,3.977248,0.048669
9.3420,5.674674,0.569950,0.608710,-2.021175,3.083057,0.070674
9.3620,5.691594,0.595243,0.595726,-1.440988,1.797589,-0.067851
9.3820,5.714476,0.619438,0.580646,-1.920193,3.307533,-0.099117
9.4020,5.739477,0.643317,0.564813,-2.201006,5.096128,-0.018721
9.4220,5.764768,0.668960,0.548328,-2.905946,5.331626,0.120822
9.4420,5.787629,0.694546,0.528362,-2.449728,3.289408,0.121936
9.4620,5.808579,0.719008,0.502811,-0.914892,3.021628,0.099338
9.4820,5.829157,0.744206,0.472317,-1.042109,3.549473,0.066843
9.5020,5.848246,0.769441,0.436834,-1.142218,3.451619,0.077042
9.5220,5.864339,0.794258,0.397048,-1.548769,4.100675,0.032958
9.5420,5.878239,0.818572,0.352531,-2.067377,6.320746,0.039849
9.5620,5.890939,0.843461,0.302610,-2.041634,6.187136,-0.006026
9.5820,5.903998,0.869647,0.248749,-1.928992,5.426511,0.062286
9.6020,5.917860,0.895115,0.193845,-1.312027,3.291961,0.133057
9.6220,5.928441,0.917585,0.143151,-1.683918,3.558790,0.168882
9.6420,5.933145,0.934427,0.119216,-1.416624,3.184321,0.356725
9.6620,5.939583,0.944231,0.111291,-1.030259,2.365740,0.285062
9.6820,5.950307,0.953331,0.108284,-1.401440,2.045848,0.215938
9.7020,5.964459,0.966651,0.105174,-3.054054,5.759368,0.183094
9.7220,5.981937,0.981873,0.098455,-3.674747,6.476544,0.079471
9.7420,5.999836,0.991701,0.092716,-3.524426,8.259061,-0.048124
9.7620,6.007153,0.998523,0.090078,-5.122018,11.425152,0.139444
9.7820,6.008285,1.009860,0.086866,-6.295813,11.417119,-0.012190
9.8020,6.012538,1.024087,0.076676,-6.575196,9.105677,-0.323928
9.8220,6.016245,1.039274,0.061074,-4.796410,7.597731,-0.107427
9.8420,6.015232,1.047900,0.056988,-6.937922,6.178019,-0.094886
9.8620,6.013827,1.051970,0.065115,-4.618006,6.714861,0.136193
9.8820,6.011650,1.055285,0.069146,-5.033213,6.506946,0.405710
9.9020,6.012292,1.055654,0.071638,-6.466402,9.875026,0.497144
9.9220,6.015323,1.051777,0.077023,-5.147494,8.916296,0.213068
9.9420,6.019325,1.045214,0.078463,-5.848437,10.549259,-0.162842
9.9620,6.028457,1.038108,0.077367,-7.712492,14.582032,-0.260429
9.9820,6.044952,1.031275,0.079640,-4.283925,20.227303,0.307911
10.0020,6.062079,1.036115,0.075688,-4.673355,7.835789,-0.308380
10.0220,6.078103,1.051397,0.075082,-3.594983,5.328048,-0.113690
10.0420,6.095807,1.054158,0.093643,-2.147764,4.167353,0.466311
10.0620,6.108847,1.052343,0.114092,-1.785777,4.520433,0.420094
10.0820,6.118303,1.047610,0.127759,-2.779282,9.681102,0.475886
10.1020,6.122727,1.035892,0.144814,-3.124522,10.199559,0.512090
10.1220,6.134935,1.016951,0.153430,-2.749093,8.037015,0.312718
10.1420,6.140763,1.000355,0.144504,-2.619183,7.450845,0.008417
10.1620,6.143615,0.987028,0.132838,-2.349535,6.929366,0.141162
10.1820,6.150125,0.973004,0.129161,-2.153168,6.821530,0.249185
10.2020,6.156716,0.958260,0.126124,-2.129338,6.955198,0.223467
10.2220,6.166456,0.943222,0.123522,-2.306142,7.008858,0.340917
10.2420,6.176688,0.929334,0.115396,-2.367215,5.553898,0.290484
10.2620,6.186858,0.920100,0.105953,-2.428293,3.142190,0.430385
10.2820,6.198283,0.922284,0.102351,-2.990927,5.356699,0.612482
10.3020,6.214612,0.932546,0.105810,-2.962718,6.496828,0.509829
10.3220,6.233905,0.938881,0.109763,-3.185356,6.963627,0.433849
10.3420,6.249061,0.939834,0.108501,-3.294354,7.588014,0.488178
10.3620,6.252295,0.943422,0.100166,-3.283909,8.246385,0.275898
10.3820,6.247072,0.951934,0.081524,-4.289567,9.031960,0.080972
10.4020,6.245910,0.961334,0.062488,-4.682716,10.912160,-0.046965
10.4220,6.252105,0.966483,0.054913,-6.209431,13.375885,0.035067
10.4420,6.259372,0.967636,0.055005,-7.734295,14.735405,0.241583
10.4620,6.263177,0.966514,0.061669,-6.327343,6.959104,-0.093671
10.4820,6.260301,0.963679,0.083574,-5.034080,5.694555,-0.006431
10.5020,6.262980,0.950295,0.126625,-1.861306,5.302090,0.802097
10.5220,6.273859,0.931926,0.160322,-2.567728,5.418406,0.698035
10.5420,6.277275,0.914654,0.177762,-2.227145,9.856267,0.861844
10.5620,6.275994,0.896451,0.188994,-3.345888,12.300907,0.784197
10.5820,6.273232,0.883080,0.187865,-3.257866,7.181082,0.145370
0.0120,0.000710,0.001497,0.899115,-2.882424,7.451465,0.095181
0.0320,-0.001259,-0.000341,0.897602,-1.608299,5.014216,0.240251
0.0520,-0.007798,-0.007010,0.899339,-1.619660,3.887302,0.440447
0.0720,-0.015584,-0.012990,0.901096,-2.899318,3.918726,0.276730
0.0920,-0.018777,-0.017986,0.902143,-3.469520,3.544736,0.034953
0.1120,-0.020161,-0.020877,0.902889,-1.977674,2.896918,-0.103889
0.1320,-0.021678,-0.022669,0.901527,-1.428565,1.742923,-0.037217
0.1520,-0.023997,-0.023753,0.898068,-0.770018,1.791541,0.020012
0.1720,-0.026524,-0.026377,0.892930,-1.387279,0.944753,-0.026430
0.1920,-0.028635,-0.030492,0.885571,-1.733153,1.236514,-0.109944
0.2120,-0.030252,-0.035046,0.875824,-1.942577,1.153478,-0.149003
0.2320,-0.032057,-0.040012,0.863317,-1.567066,1.086286,-0.092392
0.2520,-0.034156,-0.046006,0.849511,-0.958670,1.246766,-0.032987
0.2720,-0.038282,-0.055925,0.838976,-1.159006,2.006872,0.041493
0.2920,-0.042342,-0.066432,0.828359,-1.429931,2.047214,0.055556
0.3120,-0.048362,-0.074197,0.817736,-1.717229,1.643564,-0.026759
0.3320,-0.056555,-0.077944,0.810843,-2.442020,2.145746,-0.114457
0.3520,-0.064862,-0.080799,0.807366,-2.898373,2.519282,-0.145354
0.3720,-0.073204,-0.082304,0.808417,-3.173801,2.844738,-0.160101
0.3920,-0.081182,-0.082617,0.814015,-2.828105,2.786741,-0.115211
0.4120,-0.088610,-0.082757,0.822716,-1.233808,1.971135,-0.025614
0.4320,-0.095517,-0.084529,0.830778,-1.006466,1.611625,0.043928
0.4520,-0.102985,-0.086705,0.834775,-0.743056,0.560215,-0.013894
0.4720,-0.111450,-0.089498,0.835901,-0.933742,0.580009,-0.119791
0.4920,-0.119085,-0.092768,0.834161,-1.445902,0.405846,-0.115242
0.5120,-0.126566,-0.095408,0.829430,-1.536856,0.836602,-0.075818
0.5320,-0.135365,-0.095584,0.825174,-1.468575,1.074619,-0.086083
0.5520,-0.145697,-0.096160,0.822680,-2.603602,1.166780,-0.146901
0.5720,-0.158356,-0.099033,0.823718,-3.009834,1.894872,-0.208844
0.5920,-0.170414,-0.102822,0.827635,-2.725801,1.293290,-0.137081
0.6120,-0.181436,-0.107211,0.834702,-2.177760,1.166703,-0.052630
0.6320,-0.191642,-0.112858,0.842629,-1.311479,0.909259,0.055970
0.6520,-0.201724,-0.118808,0.847558,-1.337229,2.530296,0.088619
0.6720,-0.212272,-0.124484,0.847330,-1.522963,4.025929,0.040709
0.6920,-0.222231,-0.130568,0.841756,-1.664795,4.281191,-0.026334
0.7120,-0.232656,-0.136177,0.832579,-2.061463,3.462310,-0.068189
0.7320,-0.244303,-0.138188,0.831004,-2.264241,2.551995,-0.106579
0.7520,-0.254160,-0.140439,0.835455,-1.639467,2.037940,-0.058951
0.7720,-0.263039,-0.142237,0.842333,-1.591732,1.697041,-0.040603
0.7920,-0.272577,-0.143155,0.848732,-1.353213,1.639477,0.011904
0.8120,-0.282751,-0.143726,0.853018,-0.922507,1.440418,0.026781
0.8320,-0.292769,-0.144264,0.855241,-1.268715,1.115212,-0.024718
0.8520,-0.302259,-0.144690,0.856054,-1.338784,0.935843,-0.047414
0.8720,-0.311477,-0.144808,0.855688,-1.193593,0.750494,-0.031881
0.8920,-0.320608,-0.144359,0.854161,-0.970857,0.933157,-0.018762
0.9120,-0.329670,-0.143363,0.851179,-0.761929,1.081578,-0.041259
0.9320,-0.338117,-0.141833,0.845548,-1.340597,1.516580,-0.077679
0.9520,-0.345707,-0.139181,0.835405,-1.384050,1.641205,-0.098140
0.9720,-0.354144,-0.138284,0.823844,-1.563636,1.548203,-0.169823
0.9920,-0.363416,-0.141527,0.818597,-1.749178,1.718679,-0.174586
1.0120,-0.370810,-0.145790,0.817502,-1.903955,1.911596,-0.166399
1.0320,-0.376415,-0.150673,0.819270,-1.923575,1.933942,-0.132996
1.0520,-0.380745,-0.156087,0.823314,-1.882297,1.615458,-0.119474
1.0720,-0.384018,-0.161567,0.829168,-1.864348,1.093925,-0.104830
1.0920,-0.386257,-0.167175,0.836225,-1.711194,0.858113,-0.067502
1.1120,-0.387777,-0.173081,0.843571,-1.438812,0.776608,-0.056986
1.1320,-0.388868,-0.179341,0.849703,-1.121531,0.535427,-0.052133
1.1520,-0.390082,-0.186036,0.853532,-0.934270,0.428735,-0.049785
1.1720,-0.391765,-0.193447,0.854465,-1.089029,0.457329,-0.044688
1.1920,-0.393855,-0.201778,0.852227,-1.259327,0.467825,-0.014167
1.2120,-0.396172,-0.211033,0.846278,-1.626810,1.278585,0.011361
1.2320,-0.400078,-0.218242,0.839571,-2.441869,1.938971,-0.049401
1.2520,-0.404091,-0.222300,0.838238,-2.351754,2.160076,-0.069281
1.2720,-0.405927,-0.225589,0.841611,-2.032007,2.227031,-0.071020
1.2920,-0.406203,-0.228494,0.847818,-1.432787,2.265833,-0.034815
1.3120,-0.405914,-0.231652,0.854194,-1.215342,2.314779,0.044484
1.3320,-0.406077,-0.235409,0.858001,-1.097189,2.190745,0.029391
1.3520,-0.406558,-0.239580,0.858005,-0.825237,2.081846,-0.047100
1.3720,-0.406608,-0.244091,0.855052,-1.261761,2.085987,-0.054138
1.3920,-0.406406,-0.248611,0.849697,-1.211069,1.901437,-0.026406
1.4120,-0.406841,-0.251921,0.846273,-1.210207,1.583284,-0.060363
1.4320,-0.406428,-0.254891,0.844789,-1.186398,1.096740,-0.090700
1.4520,-0.404950,-0.257461,0.844548,-1.118086,0.833104,-0.098411
1.4720,-0.402844,-0.259353,0.844645,-1.042938,0.699194,-0.091302
1.4920,-0.400421,-0.260595,0.844483,-0.947470,0.557490,-0.077475
1.5120,-0.397769,-0.261453,0.843872,-0.956157,0.583961,-0.094119
1.5320,-0.394809,-0.262010,0.842488,-0.925512,0.579607,-0.106473
1.5520,-0.391375,-0.262084,0.839239,-1.539986,0.633686,-0.117193
1.5720,-0.387887,-0.262104,0.833499,-1.824245,1.079052,-0.167326
1.5920,-0.385053,-0.264769,0.830536,-1.723782,1.126831,-0.156978
1.6120,-0.381228,-0.268407,0.830471,-1.654638,1.234013,-0.129619
1.6320,-0.376442,-0.272463,0.831938,-1.527813,1.305630,-0.103950
1.6520,-0.371068,-0.276904,0.834259,-1.444008,1.190471,-0.080852
1.6720,-0.365234,-0.281709,0.837031,-1.432777,0.982815,-0.075961
1.6920,-0.358990,-0.286740,0.839802,-1.411219,0.706028,-0.084032
1.7120,-0.352350,-0.292030,0.842149,-1.433360,0.565594,-0.101226
1.7320,-0.345365,-0.297812,0.844008,-1.450089,0.615648,-0.107138
1.7520,-0.338032,-0.304038,0.845403,-1.456676,0.613072,-0.109637
1.7720,-0.330424,-0.310745,0.846191,-1.439073,0.614021,-0.110603
1.7920,-0.322529,-0.318013,0.846318,-1.367001,0.602152,-0.094838
1.8120,-0.314331,-0.325874,0.845736,-1.235810,0.535052,-0.080985
1.8320,-0.305868,-0.334292,0.844240,-1.014871,0.429883,-0.065930
1.8520,-0.297166,-0.343193,0.841506,-0.893368,0.799248,-0.037955
1.8720,-0.288295,-0.351911,0.837725,-1.076128,1.315849,-0.037908
1.8920,-0.278866,-0.359462,0.834249,-1.570955,1.926164,-0.037459
1.9120,-0.268841,-0.366381,0.832731,-1.731114,1.841780,-0.011390
1.9320,-0.259058,-0.373228,0.832990,-1.627903,1.826697,-0.015192
1.9520,-0.249221,-0.379815,0.834197,-1.480022,2.146469,-0.020206
1.9720,-0.238953,-0.386311,0.835353,-1.291576,2.381311,-0.020666
1.9920,-0.228347,-0.392692,0.835988,-1.190799,2.435901,-0.011571
2.0120,-0.217419,-0.398883,0.836072,-1.124519,2.161820,-0.002727
2.0320,-0.206151,-0.404951,0.835883,-1.003590,1.821145,0.001392
2.0520,-0.194629,-0.410900,0.835554,-1.092686,1.440762,0.003044
2.0720,-0.182682,-0.416695,0.835168,-1.229590,1.537343,0.005369
2.0920,-0.170177,-0.422244,0.834836,-1.331869,1.650476,0.005471
2.1120,-0.156987,-0.427599,0.834643,-1.442182,1.666634,-0.002220
2.1320,-0.143040,-0.432828,0.834591,-1.594231,1.568334,-0.006205
2.1520,-0.128415,-0.437867,0.834430,-1.648139,1.606713,0.007821
2.1720,-0.113276,-0.442674,0.833804,-1.613544,1.740789,0.032751
2.1920,-0.097753,-0.447242,0.832483,-1.460435,1.921530,0.060161
2.2120,-0.081824,-0.451643,0.830364,-1.241628,2.185217,0.093231
2.2320,-0.065504,-0.455830,0.827478,-0.908290,2.542496,0.133516
2.2520,-0.048728,-0.459596,0.824052,-0.658215,2.840032,0.186420
2.2720,-0.031492,-0.462703,0.820373,-0.685706,2.722990,0.212857
2.2920,-0.014326,-0.466230,0.818141,-0.875865,1.581507,0.094574
2.3120,0.001830,-0.470225,0.818196,-1.617211,1.884824,-0.015439
2.3320,0.016984,-0.473645,0.819696,-1.544016,1.582729,0.002048
2.3520,0.031241,-0.476649,0.822599,-1.589495,1.294114,-0.002546
2.3720,0.044528,-0.479743,0.826196,-1.566515,1.574620,0.010122
2.3920,0.057310,-0.482985,0.829746,-1.353921,1.718149,0.025868
2.4120,0.069805,-0.486415,0.832759,-1.106385,1.755468,0.013710
2.4320,0.082040,-0.490168,0.835060,-1.190786,1.611047,-0.008171
2.4520,0.094181,-0.494274,0.836668,-1.305048,1.056492,-0.017266
2.4720,0.106438,-0.498782,0.837963,-1.426031,0.763258,-0.041344
2.4920,0.118910,-0.503799,0.839183,-1.564429,1.170049,-0.056524
2.5120,0.131508,-0.509267,0.840267,-1.708307,1.453648,-0.056633
2.5320,0.144234,-0.515178,0.841048,-1.804238,1.536922,-0.054708
2.5520,0.157055,-0.521573,0.841416,-1.764667,1.487773,-0.051373
2.5720,0.170135,-0.528342,0.841406,-1.610871,1.296885,-0.049050
2.5920,0.183472,-0.535450,0.840772,-1.342049,1.132799,-0.038212
2.6120,0.197038,-0.542958,0.839085,-1.009046,1.025461,-0.027148
2.6320,0.210934,-0.550951,0.835940,-0.802971,1.010892,-0.008496
2.6520,0.225130,-0.558647,0.831819,-0.909902,1.108467,0.032475
2.6720,0.239068,-0.565210,0.828232,-1.439155,1.828718,0.014772
2.6920,0.251839,-0.569868,0.827225,-1.688717,1.890887,0.001771
2.7120,0.263888,-0.574022,0.828118,-1.599828,1.511004,-0.008790
2.7320,0.275501,-0.577973,0.829973,-1.487036,1.687252,-0.030963
2.7520,0.286849,-0.581774,0.831885,-1.274395,2.065915,-0.036167
2.7720,0.298016,-0.585386,0.833478,-1.146994,2.252145,-0.031791
2.7920,0.309113,-0.588779,0.834713,-1.157300,2.194151,-0.034741
2.8120,0.320203,-0.592005,0.835677,-1.168321,2.010374,-0.030894
2.8320,0.331379,-0.595029,0.836424,-1.212017,1.756316,-0.030217
2.8520,0.342699,-0.597823,0.837079,-1.275758,1.454551,-0.025139
2.8720,0.354329,-0.600414,0.837886,-1.363381,1.101405,-0.025501
2.8920,0.366354,-0.602792,0.839003,-1.472870,1.189639,-0.034701
2.9120,0.378814,-0.604949,0.840408,-1.588576,1.325946,-0.046690
2.9320,0.391750,-0.606877,0.841967,-1.678229,1.399727,-0.056050
2.9520,0.405217,-0.608572,0.843510,-1.724922,1.416016,-0.054117
2.9720,0.419223,-0.610037,0.844884,-1.734442,1.374581,-0.046006
2.9920,0.433735,-0.611274,0.845895,-1.696747,1.267937,-0.035689
3.0120,0.448698,-0.612290,0.846389,-1.624662,1.161388,-0.021826
3.0320,0.464110,-0.613068,0.846219,-1.488481,1.060656,-0.003302
3.0520,0.479990,-0.613596,0.845190,-1.290425,1.135142,0.021165
3.0720,0.496276,-0.613832,0.843086,-1.038630,1.361658,0.049175
3.0920,0.512882,-0.613715,0.839637,-0.695521,1.601629,0.089190
3.1120,0.529673,-0.613074,0.834590,-0.704929,1.573141,0.115252
3.1320,0.547104,-0.611700,0.827870,-0.801626,1.040709,0.114884
3.1520,0.563937,-0.611218,0.822296,-1.707035,1.528140,-0.063360
3.1720,0.578839,-0.611751,0.820553,-2.017999,1.626931,-0.102645
3.1920,0.592997,-0.612003,0.821741,-1.819866,1.215232,-0.058337
3.2120,0.606492,-0.612296,0.824629,-1.729914,1.357043,-0.050977
3.2320,0.619387,-0.612863,0.828098,-1.510635,1.641910,-0.009717
3.2520,0.631954,-0.613703,0.831341,-1.202788,1.806168,0.018317
3.2720,0.644316,-0.614863,0.833968,-1.202211,1.841246,0.015260
3.2920,0.656451,-0.616384,0.835967,-1.272648,1.637426,0.004392
3.3120,0.668542,-0.618297,0.837430,-1.379506,1.051347,-0.001781
3.3320,0.680748,-0.620563,0.838765,-1.550207,0.907730,-0.018813
3.3520,0.693104,-0.623298,0.840111,-1.712304,1.211953,-0.025687
3.3720,0.705585,-0.626453,0.841405,-1.863479,1.430171,-0.032500
3.3920,0.718223,-0.629918,0.842531,-2.022791,1.553599,-0.038626
3.4120,0.731107,-0.633685,0.843365,-2.110812,1.544586,-0.042632
3.4320,0.744364,-0.637792,0.843844,-2.113187,1.440154,-0.045395
3.4520,0.758081,-0.642219,0.843934,-2.048427,1.294375,-0.045867
3.4720,0.772238,-0.646945,0.843577,-1.916372,1.143598,-0.044267
3.4920,0.786790,-0.651957,0.842745,-1.739663,1.131378,-0.038967
3.5120,0.801682,-0.657236,0.841394,-1.534251,1.333770,-0.025991
3.5320,0.816864,-0.662798,0.839391,-1.295688,1.529126,-0.005042
3.5520,0.832303,-0.668646,0.836558,-0.974792,1.721541,0.025283
3.5720,0.847821,-0.674801,0.832553,-0.910646,1.872962,0.060091
3.5920,0.863396,-0.681317,0.827721,-1.097925,1.443119,0.109428
3.6120,0.878355,-0.686580,0.825259,-1.401038,1.955129,0.046539
3.6320,0.892178,-0.690699,0.826029,-1.643866,1.995409,0.007471
3.6520,0.905424,-0.694867,0.828531,-1.542171,1.481090,-0.029883
3.6720,0.918133,-0.699074,0.831769,-1.469023,0.911259,-0.067200
3.6920,0.930333,-0.703084,0.834817,-1.421778,1.389096,-0.074417
3.7120,0.942173,-0.706700,0.837293,-1.579172,1.736078,-0.066147
3.7320,0.953821,-0.709850,0.839201,-1.610883,1.862941,-0.060698
3.7520,0.965415,-0.712611,0.840676,-1.547049,1.838160,-0.047453
3.7720,0.977108,-0.715002,0.841764,-1.469579,1.632229,-0.046325
3.7920,0.988846,-0.717034,0.842605,-1.460076,1.423208,-0.030606
3.8120,1.000829,-0.718774,0.843422,-1.444190,1.146418,-0.016608
3.8320,1.013159,-0.720336,0.844344,-1.464634,0.865775,-0.014443
3.8520,1.025837,-0.721765,0.845290,-1.525649,0.843992,-0.017428
3.8720,1.038873,-0.723055,0.846129,-1.593406,0.931964,-0.024524
3.8920,1.052311,-0.724174,0.846793,-1.660084,0.974610,-0.028240
3.9120,1.066226,-0.725089,0.847251,-1.755242,1.004235,-0.034855
3.9320,1.080765,-0.725875,0.847522,-1.809069,1.010078,-0.040134
3.9520,1.095961,-0.726569,0.847546,-1.814977,0.999900,-0.033401
3.9720,1.111782,-0.727126,0.847163,-1.769193,0.968406,-0.016810
3.9920,1.128223,-0.727510,0.846195,-1.641872,0.897746,0.012892
4.0120,1.145140,-0.727693,0.844477,-1.451592,0.953557,0.050379
4.0320,1.162435,-0.727629,0.841788,-1.164535,1.147182,0.091434
4.0520,1.180161,-0.727218,0.837788,-0.616544,1.514043,0.152363
4.0720,1.198184,-0.725988,0.832087,-0.584560,1.544014,0.192226
4.0920,1.215588,-0.724458,0.826195,-0.879659,1.664225,0.093052
4.1120,1.230811,-0.724006,0.823278,-1.231876,2.005390,0.010722
4.1320,1.245217,-0.723880,0.822339,-1.448949,2.718328,0.041552
4.1520,1.259202,-0.723755,0.822566,-1.433689,3.549829,0.050043
4.1720,1.272432,-0.723706,0.823151,-1.592327,4.503206,0.091080
4.1920,1.285452,-0.723991,0.823233,-1.740218,5.194526,0.113848
4.2120,1.298374,-0.724637,0.822511,-1.922894,5.548213,0.108801
4.2320,1.311413,-0.725723,0.821348,-2.147482,5.585279,0.068444
4.2520,1.324803,-0.727321,0.820274,-2.364539,5.473646,0.031322
4.2720,1.338720,-0.729445,0.819922,-2.321236,5.154099,-0.003447
4.2920,1.353597,-0.732153,0.820863,-2.098066,4.526776,-0.038682
4.3120,1.369692,-0.735375,0.823592,-1.794131,3.414451,-0.060879
4.3320,1.386572,-0.738672,0.828720,-1.984973,2.681080,-0.052819
4.3520,1.403145,-0.742190,0.836134,-2.013211,3.293164,-0.012878
4.3720,1.418945,-0.746741,0.845985,-2.073725,3.465049,0.020666
4.3920,1.434934,-0.752133,0.857537,-1.975482,3.625126,0.032774
4.4120,1.452031,-0.758041,0.869846,-1.615430,4.063495,0.042687
4.4320,1.470240,-0.764748,0.882406,-1.084309,4.610523,0.055318
4.4520,1.489128,-0.772670,0.895222,-0.617625,4.143075,0.131526
4.4720,1.506813,-0.780646,0.908159,-0.619168,1.269876,0.236151
4.4920,1.520665,-0.786801,0.921547,-0.694928,2.763760,0.209603
4.5120,1.533659,-0.792963,0.934475,-0.718624,3.426360,0.143347
4.5320,1.546492,-0.798951,0.946810,-0.856086,4.028950,0.098140
4.5520,1.559242,-0.804512,0.958615,-0.907853,4.849124,0.128980
4.5720,1.571639,-0.809553,0.969745,-1.110473,5.462622,0.150772
4.5920,1.583604,-0.813921,0.980414,-1.183616,5.593237,0.154595
4.6120,1.595278,-0.817721,0.990975,-1.460078,5.215250,0.133212
4.6320,1.607276,-0.821859,1.000447,-1.631505,4.973679,0.086133
4.6520,1.619598,-0.826258,1.007560,-1.682783,4.699097,0.069523
4.6720,1.632131,-0.830395,1.012219,-1.631626,4.640524,0.077239
4.6920,1.644830,-0.833661,1.015332,-1.537524,4.706476,0.086299
4.7120,1.657929,-0.835901,1.017943,-1.493855,4.536360,0.084999
4.7320,1.671409,-0.837525,1.020710,-1.466631,4.068948,0.068433
4.7520,1.684906,-0.838987,1.023856,-1.430748,3.524566,0.061947
4.7720,1.698129,-0.840282,1.027215,-1.469631,3.256910,0.070135
4.7920,1.711074,-0.841133,1.030718,-1.507743,3.042329,0.076254
4.8120,1.724140,-0.841712,1.034101,-1.570576,2.802086,0.082058
4.8320,1.737512,-0.842122,1.037018,-1.641133,2.556210,0.081571
4.8520,1.751110,-0.842359,1.039272,-1.705908,2.363342,0.081781
4.8720,1.764819,-0.842491,1.040879,-1.754083,2.176307,0.076409
4.8920,1.777635,-0.842947,1.043168,-1.757481,2.096609,0.087076
4.9120,1.789600,-0.843759,1.046328,-1.733146,2.177119,0.108148
4.9320,1.801181,-0.844506,1.049794,-1.695952,2.445069,0.130195
4.9520,1.812416,-0.844968,1.053286,-1.649040,2.676419,0.139882
4.9720,1.823355,-0.845124,1.056680,-1.590153,2.846860,0.136539
4.9920,1.834146,-0.845062,1.059861,-1.533022,3.031176,0.127814
5.0120,1.844940,-0.844802,1.062786,-1.394174,3.303434,0.124346
5.0320,1.855713,-0.844359,1.065703,-1.375287,3.587599,0.120557
5.0520,1.866538,-0.843880,1.069115,-1.307809,4.008431,0.134203
5.0720,1.875893,-0.843526,1.074454,-1.333017,4.321640,0.165777
5.0920,1.883656,-0.842800,1.082549,-1.224816,4.485270,0.188939
5.1120,1.891992,-0.841086,1.092404,-1.027104,4.510790,0.196722
5.1320,1.901192,-0.838688,1.103911,-1.062675,4.104239,0.178599
5.1520,1.911300,-0.835553,1.116427,-1.202245,2.151914,0.128403
5.1720,1.921583,-0.831514,1.128491,-1.054187,2.617898,0.103141
5.1920,1.931780,-0.828141,1.139585,-1.083841,3.573638,0.112892
5.2120,1.942381,-0.826095,1.149673,-1.413745,4.103264,0.127863
5.2320,1.953768,-0.824895,1.158984,-1.815950,4.635086,0.138575
5.2520,1.965812,-0.824187,1.167802,-1.987998,4.802658,0.126008
5.2720,1.978042,-0.823651,1.176332,-2.038720,4.915866,0.089571
5.2920,1.990297,-0.823181,1.184667,-2.174175,4.903282,0.046249
5.3120,2.002661,-0.822933,1.192925,-2.108754,4.703029,0.018225
5.3320,2.015272,-0.822917,1.201288,-1.865422,4.274625,-0.012063
5.3520,2.027992,-0.823212,1.210204,-1.527749,3.610418,-0.042564
5.3720,2.040898,-0.823667,1.219827,-1.646680,2.991878,-0.052582
5.3920,2.053704,-0.824383,1.230145,-1.801825,2.578433,-0.041483
5.4120,2.066215,-0.825564,1.241064,-1.861127,3.086689,-0.022804
5.4320,2.078517,-0.827278,1.252439,-1.855560,3.404441,-0.006219
5.4520,2.090980,-0.829363,1.263961,-1.700256,3.648991,0.011481
5.4720,2.103763,-0.831782,1.275446,-1.419735,3.961846,0.026433
5.4920,2.116520,-0.834253,1.287381,-1.027715,4.556809,0.042862
5.5120,2.129016,-0.837271,1.300584,-0.999646,4.667726,0.085494
5.5320,2.141640,-0.841614,1.313954,-0.873494,2.924262,0.175866
5.5520,2.152775,-0.845808,1.325753,-0.760106,2.869466,0.211232
5.5720,2.162287,-0.849010,1.336814,-0.826504,3.885900,0.172536
5.5920,2.171924,-0.852375,1.347219,-0.806781,4.334121,0.100349
5.6120,2.181983,-0.855677,1.357269,-1.206275,4.893009,0.068158
5.6320,2.192371,-0.858612,1.366939,-1.471527,5.602432,0.109477
5.6520,2.202988,-0.861003,1.376082,-1.542205,5.848029,0.131925
5.6720,2.213469,-0.862858,1.385050,-1.637102,5.450930,0.133707
5.6920,2.223682,-0.864580,1.393846,-1.748377,4.954096,0.084126
5.7120,2.234353,-0.866357,1.401367,-1.761510,4.722812,0.049118
5.7320,2.245538,-0.867786,1.406988,-1.644812,4.658447,0.064887
5.7520,2.256967,-0.868398,1.411373,-1.559421,4.665432,0.066128
5.7720,2.268839,-0.868137,1.415345,-1.500527,4.525475,0.059116
5.7920,2.281060,-0.867351,1.419357,-1.460302,4.068732,0.049308
5.8120,2.293296,-0.866289,1.423760,-1.453442,3.586911,0.055939
5.8320,2.305348,-0.865173,1.428497,-1.500911,3.258228,0.069828
5.8520,2.317279,-0.863871,1.433154,-1.563638,3.005113,0.084820
5.8720,2.329365,-0.862209,1.437286,-1.621873,2.820049,0.095688
5.8920,2.341713,-0.860208,1.440507,-1.700318,2.616817,0.097062
5.9120,2.354229,-0.857871,1.442684,-1.754294,2.398188,0.087708
5.9320,2.366864,-0.855292,1.443867,-1.791957,2.226840,0.074271
5.9520,2.379224,-0.852710,1.444742,-1.801147,2.096503,0.067798
5.9720,2.390593,-0.850692,1.446554,-1.746809,2.026811,0.076253
5.9920,2.401483,-0.848943,1.448935,-1.688868,2.133351,0.096050
6.0120,2.412110,-0.847156,1.451372,-1.620237,2.390190,0.110017
6.0320,2.422510,-0.845177,1.453672,-1.542621,2.564325,0.117480
6.0520,2.432709,-0.842969,1.455629,-1.376984,2.907653,0.121163
6.0720,2.442559,-0.840591,1.457472,-1.372541,3.214965,0.120960
6.0920,2.452202,-0.838026,1.459550,-1.403390,3.476465,0.122244
6.1120,2.461822,-0.835212,1.462227,-1.350620,3.806841,0.132868
6.1320,2.470734,-0.832282,1.466377,-1.346219,4.107898,0.153635
6.1520,2.478010,-0.829213,1.473283,-1.274174,4.226057,0.164665
6.1720,2.485775,-0.825147,1.482332,-1.064138,4.210257,0.175134
6.1920,2.494433,-0.820154,1.493260,-1.006284,3.886796,0.165174
6.2120,2.503952,-0.814215,1.505625,-1.277638,2.060618,0.120005
6.2320,2.513709,-0.807390,1.518058,-1.181954,2.273911,0.081195
6.2520,2.523341,-0.801308,1.529917,-1.058203,3.187111,0.085997
6.2720,2.533356,-0.796476,1.541162,-1.181185,3.783685,0.117300
6.2920,2.543933,-0.792313,1.551767,-1.502679,4.344835,0.139668
6.3120,2.555067,-0.788528,1.561845,-1.739025,4.597077,0.139602
6.3320,2.566457,-0.784795,1.571547,-1.842003,4.718808,0.112422
6.3520,2.577870,-0.780958,1.580891,-2.066165,4.756088,0.071667
6.3720,2.589100,-0.777172,1.589978,-2.158896,4.773420,0.040551
6.3920,2.600235,-0.773543,1.598961,-2.010045,4.556767,0.009768
6.4120,2.611547,-0.770099,1.608040,-1.828931,4.197301,-0.022710
6.4320,2.622912,-0.767042,1.617515,-1.607971,3.610493,-0.054156
6.4520,2.634501,-0.764060,1.627396,-1.621005,3.111260,-0.061347
6.4720,2.646057,-0.761304,1.637715,-1.739449,2.815326,-0.046886
6.4920,2.657255,-0.759074,1.648773,-1.811722,3.333636,-0.031895
6.5120,2.668342,-0.757253,1.660575,-1.779078,3.701251,-0.018427
6.5320,2.679810,-0.755554,1.672685,-1.633300,3.994083,-0.003465
6.5520,2.691497,-0.753748,1.684938,-1.406909,4.370113,0.011262
6.5720,2.703285,-0.751801,1.697604,-1.489535,5.004177,0.027832
6.5920,2.714661,-0.749956,1.711792,-1.576185,5.171250,0.075203
6.6120,2.726446,-0.749139,1.725651,-1.322737,3.210276,0.168867
6.6320,2.739214,-0.750075,1.735287,-1.044956,3.014191,0.205348
6.6520,2.747713,-0.750355,1.743438,-0.883592,4.048025,0.153225
6.6720,2.755836,-0.749706,1.751445,-1.016146,4.580895,0.084410
6.6920,2.765104,-0.748799,1.759268,-1.401839,5.179247,0.062518
6.7120,2.775168,-0.747468,1.766977,-1.642609,5.772730,0.071622
6.7320,2.785515,-0.745528,1.774705,-1.853874,6.020193,0.101616
6.7520,2.795813,-0.743064,1.782730,-1.839555,5.586113,0.117180
6.7720,2.806042,-0.740442,1.790957,-1.726143,4.906472,0.067730
6.7920,2.816395,-0.737599,1.798745,-1.713631,4.578773,0.046306
6.8120,2.827359,-0.734103,1.805520,-1.609615,4.424247,0.055324
6.8320,2.838860,-0.729872,1.811290,-1.524265,4.281115,0.050188
6.8520,2.850713,-0.725030,1.816404,-1.505587,4.143888,0.036953
6.8720,2.862656,-0.719810,1.821163,-1.571380,3.953554,0.031636
6.8920,2.874657,-0.714410,1.825637,-1.658040,3.719813,0.039479
6.9120,2.886544,-0.708727,1.829886,-1.712558,3.456860,0.046451
6.9320,2.898311,-0.702789,1.833858,-1.789242,3.280105,0.060192
6.9520,2.909983,-0.696456,1.837416,-1.810510,3.009208,0.064231
6.9720,2.921676,-0.689820,1.840388,-1.804307,2.702097,0.060136
6.9920,2.933439,-0.682996,1.842594,-1.760267,2.471474,0.054365
7.0120,2.945387,-0.675934,1.844021,-1.733318,2.200618,0.036742
7.0320,2.957631,-0.668652,1.844902,-1.673556,1.957967,0.022742
7.0520,2.969225,-0.661921,1.846614,-1.533066,1.811270,0.031576
7.0720,2.980098,-0.655989,1.849635,-1.463004,1.783743,0.058785
7.0920,2.990705,-0.650359,1.853281,-1.457040,1.811913,0.086917
7.1120,3.001063,-0.644649,1.856842,-1.409746,1.977620,0.112383
7.1320,3.011018,-0.638577,1.859955,-1.370770,2.196071,0.125313
7.1520,3.020521,-0.632150,1.862437,-1.341501,2.256092,0.121325
7.1720,3.029744,-0.625442,1.864154,-1.353040,2.299457,0.113119
7.1920,3.038830,-0.618474,1.864979,-1.362974,2.465292,0.103015
7.2120,3.047807,-0.611200,1.864987,-1.348379,2.652337,0.099323
7.2320,3.056594,-0.603614,1.864519,-1.331498,2.836563,0.095122
7.2520,3.065072,-0.595794,1.864147,-1.285367,3.004687,0.097373
7.2720,3.072953,-0.587961,1.864674,-1.288698,3.066454,0.090325
7.2920,3.080678,-0.579955,1.866831,-1.142719,3.144613,0.089946
7.3120,3.088612,-0.571123,1.870854,-0.921160,3.067228,0.095589
7.3320,3.096764,-0.561209,1.876768,-0.901419,2.697209,0.087318
7.3520,3.105734,-0.550528,1.883755,-1.121305,1.232471,0.041622
7.3720,3.114828,-0.539319,1.891377,-1.375625,2.166605,0.018708
7.3920,3.123454,-0.528409,1.900888,-1.269129,2.777372,0.049025
7.4120,3.132416,-0.518273,1.912461,-1.360751,3.116834,0.075643
7.4320,3.142066,-0.508395,1.925797,-1.090432,3.490387,0.126069
7.4520,3.152663,-0.498305,1.939565,-0.964077,3.620678,0.152016
7.4720,3.163610,-0.487811,1.951883,-1.115157,3.470656,0.123023
7.4920,3.174154,-0.476595,1.961881,-1.266433,3.319464,0.066589
7.5120,3.184195,-0.464780,1.969664,-1.301004,3.206151,-0.027907
7.5320,3.193593,-0.452928,1.976534,-2.048203,2.937568,-0.113925
7.5520,3.202322,-0.441445,1.984456,-3.289526,3.461341,-0.128865
7.5720,3.209915,-0.430357,1.995346,-3.779040,3.760958,-0.118839
7.5920,3.218266,-0.419791,2.008727,-3.666251,3.724911,-0.096029
7.6120,3.227750,-0.409661,2.023163,-3.395052,4.088598,-0.060950
7.6320,3.237594,-0.398916,2.036814,-3.085910,4.567680,0.026048
7.6520,3.247150,-0.387837,2.047958,-1.963596,2.511845,0.121687
7.6720,3.257041,-0.378372,2.053882,-2.484767,3.435148,0.068585
7.6920,3.266641,-0.370521,2.054350,-2.487590,3.278964,-0.120436
7.7120,3.276390,-0.362749,2.050037,-2.024398,2.874539,-0.210713
7.7320,3.286104,-0.353620,2.042120,-1.293882,1.910728,-0.149594
7.7520,3.295070,-0.342738,2.031997,-1.224256,0.762778,-0.081320
7.7720,3.302391,-0.330606,2.022500,-1.308696,2.041206,-0.014475
7.7920,3.308085,-0.318078,2.013122,-1.330904,2.055473,0.072717
7.8120,3.312966,-0.303050,2.001972,-1.397978,1.705542,-0.036165
7.8320,3.319110,-0.288021,1.991600,-2.191265,1.582309,-0.223655
7.8520,3.326138,-0.275906,1.986335,-2.185588,1.104956,-0.310775
7.8720,3.332717,-0.265966,1.987313,-1.870126,1.116813,-0.298859
7.8920,3.340455,-0.256779,1.992344,-2.036439,1.583943,-0.214664
7.9120,3.348984,-0.248911,1.999725,-1.950477,2.026265,-0.105059
7.9320,3.358363,-0.242260,2.008329,-1.746394,2.182241,-0.050052
7.9520,3.368469,-0.236260,2.017264,-1.626818,2.238909,-0.052497
7.9720,3.378967,-0.230691,2.025797,-0.980804,2.012869,-0.013248
7.9920,3.389612,-0.224979,2.032245,-1.410727,1.347365,0.088377
8.0120,3.399733,-0.219026,2.034874,-1.340094,0.863782,0.053274
8.0320,3.409282,-0.212676,2.033736,-1.074602,0.663609,-0.051589
8.0520,3.418693,-0.206075,2.030054,-1.127053,1.036690,-0.102310
8.0720,3.428173,-0.199830,2.023821,-1.101803,1.013467,-0.083905
8.0920,3.437281,-0.196825,2.019508,-1.172101,1.227085,-0.100078
8.1120,3.446987,-0.194674,2.017040,-1.182947,1.549532,-0.110707
8.1320,3.457698,-0.192359,2.016031,-1.027194,1.327162,-0.100670
8.1520,3.469196,-0.189534,2.016768,-0.860677,0.800174,-0.051118
8.1720,3.480741,-0.186024,2.018910,-1.437609,0.622385,-0.003161
8.1920,3.491077,-0.180957,2.022665,-1.553581,1.243986,0.011104
8.2120,3.501268,-0.174836,2.027416,-1.610521,1.527224,0.024116
8.2320,3.511755,-0.168484,2.032349,-1.551410,1.574697,0.015277
8.2520,3.522340,-0.162246,2.036414,-1.725151,1.625586,0.003413
8.2720,3.532703,-0.156181,2.038985,-1.760706,1.706322,0.010942
8.2920,3.542853,-0.150187,2.040169,-1.608808,1.732587,0.006199
8.3120,3.553063,-0.144144,2.040256,-1.406938,1.585316,-0.013112
8.3320,3.563653,-0.137933,2.039675,-1.331129,1.271200,-0.029037
8.3520,3.574904,-0.131504,2.038616,-1.092260,0.884859,-0.046687
8.3720,3.586705,-0.124717,2.037298,-1.252918,0.733579,-0.055031
8.3920,3.599123,-0.117446,2.035973,-1.427547,0.934575,-0.056291
8.4120,3.612181,-0.109582,2.034807,-1.501612,1.110123,-0.052914
8.4320,3.625763,-0.101226,2.033642,-1.507192,1.221423,-0.024583
8.4520,3.639639,-0.092360,2.031891,-1.306845,1.166759,0.011133
8.4720,3.653620,-0.083000,2.029062,-0.905577,0.966523,0.052685
8.4920,3.667673,-0.073200,2.024531,-0.607623,0.965346,0.094045
8.5120,3.681948,-0.062626,2.017868,-0.855016,1.113795,0.059198
8.5320,3.695536,-0.053940,2.012813,-2.126892,1.574551,-0.124581
8.5520,3.707836,-0.046556,2.012199,-2.019197,1.474508,-0.110290
8.5720,3.719471,-0.039181,2.015094,-1.777114,1.074317,-0.073261
8.5920,3.730647,-0.032149,2.019605,-1.691366,1.458132,-0.063201
8.6120,3.741642,-0.025503,2.024324,-1.520560,1.770403,-0.012941
8.6320,3.752563,-0.019030,2.028303,-1.274225,1.971559,0.003701
0.0200,0.001527,0.000049,0.897421,-1.243864,1.750631,-0.012329
0.0400,0.002333,0.000028,0.890062,-1.300449,1.375252,-0.019122
0.0600,0.003156,0.000385,0.878759,-1.455785,0.972130,-0.009616
0.0800,0.003861,0.001236,0.864164,-1.154636,1.012188,-0.036347
0.1000,0.004694,-0.000625,0.851292,-0.887858,0.835200,-0.044004
0.1200,0.005236,-0.005700,0.844469,-1.481678,1.116715,-0.019726
0.1400,0.006050,-0.011008,0.839671,-1.237708,1.456604,0.017914
0.1600,0.006812,-0.014793,0.835558,-1.106431,1.769485,0.003553
0.1800,0.009094,-0.015841,0.833462,-1.548407,1.809240,-0.028717
0.2000,0.012377,-0.016479,0.832592,-1.557903,1.814563,-0.048163
0.2200,0.015383,-0.016924,0.832706,-1.294410,2.082124,-0.078832
0.2400,0.018287,-0.017132,0.832975,-1.272057,2.388997,-0.098553
0.2600,0.021254,-0.017111,0.832915,-1.236573,2.546249,-0.096410
0.2800,0.024046,-0.016797,0.832420,-1.317670,2.400578,-0.092076
0.3000,0.026589,-0.016307,0.831959,-1.399654,2.038825,-0.097074
0.3200,0.029074,-0.015791,0.831961,-1.457634,1.724476,-0.084608
0.3400,0.031552,-0.015185,0.832428,-1.637658,1.655017,-0.071035
0.3600,0.034214,-0.014249,0.833266,-1.715214,1.588463,-0.064442
0.3800,0.037195,-0.012890,0.834516,-1.729429,1.336498,-0.070283
0.4000,0.040741,-0.011167,0.836215,-1.778328,1.206167,-0.074930
0.4200,0.044894,-0.009043,0.838304,-1.831505,1.321796,-0.077448
0.4400,0.049897,-0.006582,0.840729,-1.852374,1.321673,-0.077652
0.4600,0.055739,-0.003812,0.843333,-1.870887,1.295408,-0.076373
0.4800,0.062403,-0.000708,0.845954,-1.883590,1.261455,-0.075328
0.5000,0.069883,0.002693,0.848491,-1.888002,1.267365,-0.075606
0.5200,0.078142,0.006371,0.850703,-1.887603,1.245173,-0.072750
0.5400,0.087134,0.010481,0.852282,-1.813929,1.199036,-0.070084
0.5600,0.096927,0.015138,0.853044,-1.674682,1.155216,-0.059410
0.5800,0.107542,0.020458,0.852820,-1.420821,0.980503,-0.048761
0.6000,0.118818,0.026337,0.851369,-1.122916,0.800836,-0.030482
0.6200,0.130736,0.032780,0.848282,-0.874739,0.796560,-0.011097
0.6400,0.143390,0.039877,0.843125,-1.036027,0.744124,-0.004646
0.6600,0.156877,0.047043,0.835890,-1.636619,0.883608,-0.051109
0.6800,0.168719,0.051592,0.830618,-2.424780,1.236476,-0.195186
0.7000,0.178950,0.054889,0.829634,-2.207697,1.078384,-0.164480
0.7200,0.189054,0.058376,0.831347,-1.886877,1.321214,-0.114723
0.7400,0.199098,0.061876,0.834019,-1.731792,1.770084,-0.076622
0.7600,0.208936,0.065099,0.836443,-1.527431,2.075705,-0.025560
0.7800,0.218542,0.068095,0.838008,-1.258633,2.130694,-0.010070
0.8000,0.228003,0.070806,0.838802,-1.219475,2.106527,-0.015918
0.8200,0.237425,0.073201,0.838947,-1.242803,1.783131,-0.021153
0.8400,0.246982,0.075347,0.838738,-1.308146,1.480898,-0.024992
0.8600,0.256646,0.077182,0.838449,-1.394328,1.320410,-0.024262
0.8800,0.266319,0.078500,0.838105,-1.501211,1.110700,-0.037244
0.9000,0.276070,0.079322,0.837833,-1.607675,0.919089,-0.047074
0.9200,0.286015,0.079712,0.837773,-1.673588,1.073481,-0.049258
0.9400,0.296277,0.079720,0.838013,-1.754439,1.198282,-0.048795
0.9600,0.306953,0.079478,0.838540,-1.843648,1.301499,-0.048420
0.9800,0.318132,0.079035,0.839250,-1.931220,1.332454,-0.053127
1.0000,0.329892,0.078380,0.839965,-1.955475,1.317493,-0.055510
1.0200,0.342248,0.077550,0.840600,-1.953261,1.265596,-0.057065
1.0400,0.355205,0.076583,0.841052,-1.914492,1.189800,-0.057188
1.0600,0.368769,0.075496,0.841242,-1.858145,1.117604,-0.055373
1.0800,0.382929,0.074285,0.841068,-1.796580,1.033814,-0.054811
1.1000,0.397716,0.072908,0.840399,-1.707904,1.018397,-0.050230
1.1200,0.413142,0.071365,0.839187,-1.562873,1.231009,-0.040597
1.1400,0.429162,0.069663,0.837396,-1.391636,1.410002,-0.026988
1.1600,0.445693,0.067718,0.834832,-1.131219,1.604430,-0.000530
1.1800,0.462504,0.065495,0.831176,-0.783207,1.775445,0.026785
1.2000,0.479492,0.062687,0.826257,-0.685330,1.834505,0.061469
1.2200,0.496758,0.059372,0.820589,-0.844883,1.406590,0.106617
1.2400,0.512801,0.057460,0.817834,-1.721282,2.222707,0.044372
1.2600,0.527599,0.056038,0.818508,-1.743839,2.128078,0.011331
1.2800,0.541970,0.054323,0.821395,-1.681706,1.491796,-0.031039
1.3000,0.555873,0.052550,0.825181,-1.586279,1.420702,-0.062572
1.3200,0.569265,0.050970,0.828676,-1.281030,1.886316,-0.058901
1.3400,0.582257,0.049801,0.831374,-1.268882,2.113653,-0.049812
1.3600,0.595089,0.049044,0.833285,-1.313327,2.027226,-0.043979
1.3800,0.607895,0.048628,0.834741,-1.282910,1.725804,-0.036106
1.4000,0.620834,0.048468,0.835972,-1.319385,1.302987,-0.036629
1.4200,0.633939,0.048526,0.837219,-1.422287,0.977615,-0.030202
1.4400,0.647451,0.048798,0.838760,-1.546868,1.212394,-0.028104
1.4600,0.661492,0.049306,0.840646,-1.673127,1.347895,-0.035020
1.4800,0.676046,0.050068,0.842671,-1.787138,1.418564,-0.040144
1.5000,0.690998,0.051083,0.844451,-1.834250,1.397698,-0.034269
1.5200,0.706399,0.052393,0.845700,-1.782703,1.287040,-0.017433
1.5400,0.722244,0.053957,0.846286,-1.635907,1.139052,0.002723
1.5600,0.738521,0.055738,0.846053,-1.420594,0.966699,0.026244
1.5800,0.755151,0.057789,0.844727,-1.114672,1.200872,0.058532
1.6000,0.772066,0.060207,0.841955,-0.759330,1.496732,0.101085
1.6200,0.789172,0.063273,0.837395,-0.867108,1.473506,0.126151
1.6400,0.806696,0.067118,0.831330,-0.964266,1.255778,0.069865
1.6600,0.823190,0.069362,0.827261,-2.020546,1.788593,-0.091578
1.6800,0.837914,0.070597,0.827112,-1.829249,1.709505,-0.039901
1.7000,0.851964,0.071984,0.829520,-1.625804,1.229639,-0.019314
1.7200,0.865314,0.073131,0.832970,-1.467726,1.414969,-0.003604
1.7400,0.878122,0.073964,0.836554,-1.182151,1.543736,0.030621
1.7600,0.890642,0.074565,0.839722,-1.289040,1.527298,0.036944
1.7800,0.902971,0.074814,0.842364,-1.389828,1.327387,0.018800
1.8000,0.915204,0.074676,0.844503,-1.528708,1.028883,0.003725
1.8200,0.927433,0.074175,0.846320,-1.655681,1.094946,-0.018706
1.8400,0.939784,0.073292,0.847963,-1.835005,1.092427,-0.040491
1.8600,0.952237,0.071983,0.849346,-1.966633,1.316918,-0.042459
1.8800,0.964882,0.070244,0.850223,-2.047659,1.417535,-0.038687
1.9000,0.977660,0.068169,0.850611,-2.031627,1.390199,-0.037262
1.9200,0.990622,0.065826,0.850608,-1.883756,1.285396,-0.032220
1.9400,1.003830,0.063239,0.850098,-1.563816,1.189129,-0.015400
1.9600,1.017145,0.060355,0.848797,-1.126236,1.228485,0.004416
1.9800,1.030584,0.057081,0.846189,-1.091923,1.390224,0.038585
2.0000,1.044221,0.053229,0.841975,-1.173412,1.455065,0.073789
2.0200,1.058180,0.049364,0.837236,-1.638649,1.945133,0.039784
2.0400,1.070190,0.047866,0.835172,-1.566897,1.860815,0.016455
2.0600,1.080867,0.047170,0.835558,-1.353981,1.332059,-0.021071
2.0800,1.091404,0.046232,0.836908,-1.175534,1.357289,-0.044117
2.1000,1.102076,0.045251,0.838375,-1.420560,1.777131,-0.049610
2.1200,1.112812,0.044527,0.839562,-1.568655,2.038331,-0.036231
2.1400,1.123521,0.044124,0.840571,-1.555916,1.896056,-0.032264
2.1600,1.134343,0.043928,0.841642,-1.576631,1.569287,-0.038040
2.1800,1.145451,0.043934,0.842729,-1.648911,1.269114,-0.042047
2.2000,1.156988,0.044172,0.843767,-1.709657,0.969587,-0.036509
2.2200,1.169026,0.044615,0.844889,-1.748049,0.652191,-0.031674
2.2400,1.181409,0.045224,0.846191,-1.682441,0.738254,-0.023307
2.2600,1.193691,0.045975,0.847546,-1.640800,0.838001,-0.005154
2.2800,1.205943,0.047012,0.848512,-1.549594,0.835288,0.011492
2.3000,1.218404,0.048505,0.848681,-1.345100,0.761553,0.036667
2.3200,1.231175,0.050547,0.847714,-1.012317,0.835796,0.061445
2.3400,1.244464,0.053240,0.845195,-0.598441,0.993991,0.097320
2.3600,1.258411,0.056647,0.840601,-0.767160,1.197116,0.125850
2.3800,1.272121,0.060279,0.835025,-0.830246,1.841051,0.080763
2.4000,1.284007,0.063102,0.830504,-1.281713,2.384460,0.038305
2.4200,1.294317,0.064427,0.828405,-1.550146,3.187418,0.060831
2.4400,1.304823,0.065662,0.827196,-1.658165,4.022686,0.076626
2.4600,1.315507,0.066717,0.825986,-1.886655,4.864013,0.110019
2.4800,1.326299,0.067366,0.824320,-1.998425,5.416715,0.120532
2.5000,1.337163,0.067679,0.822458,-2.126402,5.566919,0.106959
2.5200,1.348239,0.067622,0.821060,-2.309067,5.465745,0.071829
2.5400,1.359704,0.067001,0.820609,-2.399008,5.218580,0.034572
2.5600,1.371802,0.065782,0.821408,-2.262678,4.846534,-0.004814
2.5800,1.384828,0.064045,0.823693,-1.992968,4.342265,-0.030172
2.6000,1.398766,0.062043,0.827658,-1.825110,3.389859,-0.050654
2.6200,1.413316,0.060280,0.833549,-1.939255,2.622374,-0.033297
2.6400,1.427825,0.058528,0.841037,-1.927778,3.100242,0.005329
2.6600,1.441790,0.055976,0.849820,-1.924612,3.423676,0.029402
2.6800,1.455856,0.052565,0.859555,-1.814747,3.695036,0.035498
2.7000,1.470697,0.048752,0.869786,-1.509309,4.065167,0.041882
2.7200,1.486390,0.044112,0.880370,-0.998702,4.657789,0.064328
2.7400,1.502302,0.038476,0.892276,-0.590914,4.431342,0.110490
2.7600,1.518138,0.031443,0.904686,-0.720957,1.744927,0.222810
2.7800,1.530222,0.025901,0.918011,-0.685965,2.678345,0.220792
2.8000,1.541403,0.020634,0.931107,-0.793605,3.464350,0.163614
2.8200,1.552422,0.015320,0.943708,-0.837976,3.992547,0.109365
2.8400,1.563311,0.010402,0.956034,-0.937975,4.685839,0.110600
2.8600,1.574066,0.005954,0.967945,-1.179476,5.425926,0.152807
2.8800,1.584669,0.002092,0.979297,-1.215292,5.577227,0.165826
2.9000,1.594999,-0.001332,0.990313,-1.449505,5.175845,0.151014
2.9200,1.605419,-0.005152,1.000127,-1.659313,4.866120,0.105117
2.9400,1.616106,-0.009415,1.007177,-1.801213,4.758568,0.080336
2.9600,1.626913,-0.013516,1.010977,-1.765146,4.959234,0.101640
2.9800,1.637207,-0.016345,1.012929,-1.629192,5.215343,0.117635
3.0000,1.647588,-0.017805,1.014626,-1.563431,5.057578,0.109942
3.0200,1.658633,-0.018583,1.017116,-1.536941,4.527910,0.088693
3.0400,1.670050,-0.019342,1.020641,-1.545258,3.962063,0.078789
3.0600,1.681339,-0.020293,1.024674,-1.599635,3.655102,0.086280
3.0800,1.692380,-0.021148,1.028549,-1.637170,3.467273,0.098837
3.1000,1.703519,-0.021629,1.031865,-1.681507,3.355855,0.118181
3.1200,1.714913,-0.021655,1.034540,-1.684960,3.143025,0.126643
3.1400,1.726483,-0.021318,1.036773,-1.701350,2.886935,0.128769
3.1600,1.738141,-0.020749,1.038705,-1.709294,2.603406,0.119196
3.1800,1.749906,-0.019990,1.040303,-1.774124,2.432868,0.106978
3.2000,1.761839,-0.019032,1.041313,-1.841866,2.266240,0.092954
3.2200,1.773727,-0.018031,1.042003,-1.860452,2.227642,0.097840
3.2400,1.784717,-0.017595,1.043545,-1.817242,2.425318,0.112363
3.2600,1.795177,-0.017323,1.045978,-1.728158,2.781767,0.126747
3.2800,1.805451,-0.017031,1.049164,-1.581546,3.122745,0.139520
3.3000,1.815552,-0.016613,1.053301,-1.432660,3.354175,0.147335
3.3200,1.825454,-0.016109,1.058440,-1.327581,3.477410,0.142551
3.3400,1.835286,-0.015590,1.064349,-1.388252,3.579895,0.134396
3.3600,1.845343,-0.015029,1.070660,-1.399216,3.627538,0.130905
3.3800,1.855691,-0.014316,1.077072,-1.312343,3.730849,0.134146
3.4000,1.866109,-0.013318,1.083458,-1.271068,4.057591,0.150070
3.4200,1.875809,-0.012186,1.090706,-1.128276,4.373571,0.172726
3.4400,1.885492,-0.010697,1.099552,-0.908169,4.580226,0.196395
3.4600,1.895509,-0.008527,1.110184,-0.883081,4.061283,0.194991
3.4800,1.905839,-0.005447,1.121788,-0.959529,2.114569,0.143012
3.5000,1.915496,-0.001685,1.132539,-1.038596,3.097852,0.112341
3.5200,1.925064,0.001221,1.142005,-1.278437,3.863181,0.107989
3.5400,1.935577,0.003000,1.150390,-1.751716,4.326848,0.124328
3.5600,1.947039,0.004036,1.158297,-2.051331,4.843674,0.137722
3.5800,1.959210,0.004578,1.165889,-2.111138,5.097345,0.115518
3.6000,1.971761,0.004938,1.173142,-2.132259,5.173876,0.067803
3.6200,1.984401,0.005071,1.180437,-2.200682,5.055514,0.028570
3.6400,1.997346,0.004768,1.188218,-2.022516,4.645703,0.001979
3.6600,2.010813,0.004048,1.196904,-1.709309,3.995717,-0.028774
3.6800,2.024732,0.003032,1.206713,-1.618941,3.269719,-0.052445
3.7000,2.038873,0.001925,1.217548,-1.801590,2.650138,-0.048631
3.7200,2.052901,0.000554,1.229211,-1.888316,2.719055,-0.029982
3.7400,2.066638,-0.001434,1.241437,-1.891612,3.170092,-0.007563
3.7600,2.080293,-0.003907,1.253971,-1.782986,3.520769,0.013292
3.7800,2.094184,-0.006542,1.266652,-1.501333,4.002937,0.035497
3.8000,2.108000,-0.009516,1.280413,-1.075483,4.434931,0.049618
3.8200,2.121764,-0.013503,1.295480,-0.698297,4.360023,0.080788
3.8400,2.135734,-0.018811,1.310396,-0.807559,3.266189,0.168104
3.8600,2.149270,-0.024489,1.322826,-0.677648,2.557752,0.234120
3.8800,2.159787,-0.028536,1.334328,-0.757874,3.710662,0.202449
3.9000,2.170056,-0.032485,1.345410,-0.812062,4.206274,0.131640
3.9200,2.180516,-0.036491,1.356257,-1.078963,4.712515,0.085254
3.9400,2.191132,-0.040292,1.366866,-1.354631,5.415615,0.123276
3.9600,2.201831,-0.043558,1.376989,-1.497321,5.837305,0.153036
3.9800,2.212293,-0.046216,1.386751,-1.571809,5.581662,0.160096
4.0000,2.222363,-0.048640,1.396239,-1.730709,5.067451,0.110506
4.0200,2.232734,-0.051244,1.404391,-1.789831,4.760815,0.047524
4.0400,2.243822,-0.053821,1.410057,-1.712209,4.648740,0.060893
4.0600,2.254959,-0.055697,1.413700,-1.599765,4.638644,0.074579
4.0800,2.266226,-0.056502,1.416614,-1.490749,4.536726,0.076392
4.1000,2.277887,-0.056460,1.419679,-1.387623,4.071402,0.067135
4.1200,2.289845,-0.056109,1.423260,-1.319424,3.478651,0.067552
4.1400,2.301548,-0.055552,1.427382,-1.355839,3.076970,0.074378
4.1600,2.312964,-0.054784,1.431750,-1.393260,2.834947,0.082431
4.1800,2.324500,-0.053727,1.435771,-1.462609,2.655001,0.096830
4.2000,2.336402,-0.052335,1.438959,-1.562719,2.460511,0.099912
4.2200,2.348511,-0.050630,1.441156,-1.652912,2.240041,0.094480
4.2400,2.360276,-0.049012,1.443026,-1.683257,2.089724,0.099203
4.2600,2.370931,-0.048037,1.445839,-1.679004,2.156299,0.114157
4.2800,2.381000,-0.047202,1.449212,-1.649493,2.418515,0.129470
4.3000,2.390799,-0.046111,1.452711,-1.628337,2.552984,0.139104
4.3200,2.400379,-0.044732,1.456106,-1.626565,2.608812,0.135495
4.3400,2.409885,-0.043112,1.459062,-1.604565,2.676568,0.123087
4.3600,2.419365,-0.041320,1.461331,-1.520925,2.908740,0.113590
4.3800,2.428790,-0.039447,1.463016,-1.409941,3.138197,0.109967
4.4000,2.438189,-0.037445,1.464442,-1.399388,3.384929,0.108225
4.4200,2.447592,-0.035304,1.466130,-1.326432,3.689992,0.119992
4.4400,2.456893,-0.032908,1.468787,-1.164924,4.103837,0.150714
4.4600,2.465541,-0.030065,1.473376,-0.992681,4.332113,0.171513
4.4800,2.473669,-0.026770,1.481088,-0.876483,4.430012,0.183769
4.5000,2.482485,-0.022463,1.492190,-0.910020,3.655270,0.169585
4.5200,2.492088,-0.016642,1.505697,-1.070448,1.956895,0.107110
4.5400,2.501711,-0.010326,1.519517,-1.137780,2.920407,0.082549
4.5600,2.511904,-0.005250,1.532532,-1.225291,3.673969,0.099924
4.5800,2.522750,-0.001287,1.544463,-1.503240,4.178688,0.117482
4.6000,2.534176,0.001995,1.555480,-1.811241,4.598002,0.129192
4.6200,2.546066,0.004853,1.565771,-1.930500,4.760249,0.110198
4.6400,2.558098,0.007483,1.575531,-2.095151,4.826413,0.064042
4.6600,2.570140,0.009923,1.584950,-2.201136,4.719820,0.015370
4.6800,2.582425,0.012148,1.594326,-2.005702,4.352496,-0.011695
4.7000,2.595076,0.014306,1.603954,-1.746764,3.913052,-0.038963
4.7200,2.608026,0.016305,1.614035,-1.560343,3.222639,-0.052936
4.7400,2.620940,0.018181,1.624774,-1.748620,2.714738,-0.044837
4.7600,2.633611,0.019683,1.636332,-1.858007,3.075697,-0.027989
4.7800,2.646047,0.020592,1.648661,-1.887667,3.475380,-0.012967
4.8000,2.658614,0.021115,1.661444,-1.789408,3.738280,0.006222
4.8200,2.671441,0.021361,1.674410,-1.585175,3.934200,0.020112
4.8400,2.684493,0.021359,1.687463,-1.252295,4.382115,0.031355
4.8600,2.697367,0.021237,1.701428,-1.148054,4.769272,0.049572
4.8800,2.710256,0.020337,1.715924,-1.096858,4.205875,0.125074
4.9000,2.724182,0.018430,1.727967,-0.909281,1.866740,0.210589
4.9200,2.735066,0.016518,1.737185,-0.830198,3.540860,0.190788
4.9400,2.744063,0.015507,1.746112,-0.799919,4.173529,0.134750
4.9600,2.753607,0.014678,1.754771,-1.040597,4.676332,0.091024
4.9800,2.763696,0.014026,1.763279,-1.418379,5.332462,0.095572
5.0000,2.774090,0.013795,1.771536,-1.628103,5.840932,0.125921
5.0200,2.784375,0.014158,1.779732,-1.698782,5.734027,0.148820
5.0400,2.794299,0.014840,1.788058,-1.719803,5.108957,0.120427
5.0600,2.804356,0.015411,1.795811,-1.739877,4.699753,0.065384
5.0800,2.814940,0.016214,1.801927,-1.717956,4.544587,0.059594
5.1000,2.825879,0.017682,1.806404,-1.607802,4.485404,0.068278
5.1200,2.837222,0.020057,1.809940,-1.516045,4.578546,0.065060
5.1400,2.848804,0.023254,1.813189,-1.522400,4.399917,0.053971
5.1600,2.860675,0.026864,1.816567,-1.576977,4.060732,0.047899
5.1800,2.872459,0.030725,1.820288,-1.639216,3.752981,0.048905
5.2000,2.883967,0.034724,1.824265,-1.716976,3.523597,0.061233
5.2200,2.895294,0.038981,1.828322,-1.798189,3.364225,0.081906
5.2400,2.906632,0.043604,1.832151,-1.856567,3.135884,0.087241
5.2600,2.918048,0.048543,1.835490,-1.863022,2.850328,0.079908
5.2800,2.929586,0.053666,1.838105,-1.834187,2.593557,0.068468
5.3000,2.941198,0.058977,1.840011,-1.821537,2.360281,0.050918
5.3200,2.953146,0.064420,1.841303,-1.821712,2.133929,0.031764
5.3400,2.964892,0.069611,1.842915,-1.768116,1.989912,0.036136
5.3600,2.975913,0.074032,1.845702,-1.715973,1.935027,0.055031
5.3800,2.986544,0.078106,1.849157,-1.649850,1.995842,0.083374
5.4000,2.996956,0.082161,1.852630,-1.619022,2.048289,0.107680
5.4200,3.007119,0.086381,1.855593,-1.628572,2.165900,0.125518
5.4400,3.016797,0.090919,1.857783,-1.655549,2.215291,0.130036
5.4600,3.026078,0.095680,1.859101,-1.675130,2.261043,0.123369
5.4800,3.035072,0.100539,1.859540,-1.701868,2.351682,0.117878
5.5000,3.043871,0.105537,1.859175,-1.711321,2.482038,0.111099
5.5200,3.052506,0.110697,1.858225,-1.639331,2.659692,0.107506
5.5400,3.060964,0.116038,1.857078,-1.502875,2.788427,0.105465
5.5600,3.069229,0.121531,1.856129,-1.449731,3.001523,0.107477
5.5800,3.077262,0.127170,1.855716,-1.398656,3.165831,0.110557
5.6000,3.085001,0.133014,1.856154,-1.316367,3.375002,0.118330
5.6200,3.092359,0.139180,1.857757,-1.216425,3.580989,0.132197
5.6400,3.099123,0.145787,1.860950,-1.156647,3.566048,0.125669
5.6600,3.105736,0.152760,1.866420,-0.976296,3.582802,0.127858
5.6800,3.112949,0.160663,1.874159,-0.760863,3.426852,0.128791
5.7000,3.120957,0.169816,1.883929,-0.788821,2.142776,0.089985
5.7200,3.130175,0.179565,1.894020,-1.364406,1.849151,0.041813
5.7400,3.139300,0.189468,1.904703,-1.286564,2.856715,0.072615
5.7600,3.148350,0.198635,1.916580,-1.260522,3.195630,0.085579
5.7800,3.157862,0.207260,1.929716,-1.101648,3.436153,0.116088
5.8000,3.168252,0.215839,1.943814,-1.095104,3.665477,0.135190
5.8200,3.179200,0.224459,1.957904,-1.128900,3.632505,0.130769
5.8400,3.189763,0.233359,1.971063,-1.281310,3.380918,0.090658
5.8600,3.199611,0.242552,1.983095,-1.364911,3.165989,0.037549
5.8800,3.208952,0.251707,1.994284,-1.275922,2.762428,-0.022525
5.9000,3.218145,0.260600,2.005181,-1.891915,2.563656,-0.061545
5.9200,3.227397,0.269413,2.016036,-2.336851,3.095015,-0.076113
5.9400,3.236536,0.277937,2.027164,-2.463652,3.269015,-0.078506
5.9600,3.245782,0.286271,2.038520,-2.624840,3.525138,-0.081951
5.9800,3.255306,0.294695,2.049623,-2.936783,4.208398,-0.070109
6.0000,3.264825,0.303539,2.060369,-3.088772,4.747034,-0.015642
6.0200,3.273928,0.312919,2.070634,-2.659042,3.857330,0.069409
6.0400,3.283057,0.321809,2.077634,-1.731699,2.612527,0.112127
6.0600,3.291705,0.328727,2.079071,-1.943353,3.133536,0.000921
6.0800,3.300796,0.334316,2.075041,-1.519780,3.296713,-0.110367
6.1000,3.310446,0.340802,2.066665,-1.446819,3.424016,-0.097181
6.1200,3.320608,0.348417,2.054570,-1.306070,3.111494,-0.019400
6.1400,3.329243,0.358295,2.041729,-1.353092,2.426131,-0.025665
6.1600,3.336429,0.370561,2.032195,-1.423317,1.215078,-0.071949
6.1800,3.343382,0.383677,2.025893,-1.754416,1.114038,-0.088851
6.2000,3.350064,0.397253,2.021493,-2.205858,1.390631,-0.093864
6.2200,3.356606,0.412153,2.017236,-2.266325,1.349448,-0.107760
6.2400,3.364083,0.428560,2.012100,-2.148814,1.344236,-0.163253
6.2600,3.374078,0.444753,2.008251,-2.100680,2.069312,-0.122411
6.2800,3.383446,0.458674,2.007488,-1.808200,1.982090,-0.116968
6.3000,3.392072,0.470535,2.010811,-1.391288,2.240269,-0.064071
6.3200,3.401325,0.481650,2.016115,-1.223115,2.417938,0.008704
6.3400,3.410613,0.492114,2.022282,-1.166736,2.564482,0.040057
6.3600,3.419738,0.501971,2.028722,-1.094817,2.585947,0.047383
6.3800,3.428917,0.511355,2.034581,-1.239570,2.484277,0.049019
6.4000,3.437976,0.520645,2.038113,-1.508104,2.204558,0.067176
6.4200,3.446420,0.529586,2.038359,-1.616671,2.020049,0.046721
6.4400,3.454572,0.538424,2.034965,-1.535478,2.193213,-0.025892
6.4600,3.462827,0.546968,2.029963,-1.573565,1.941342,-0.092800
6.4800,3.471286,0.554019,2.028473,-1.558576,1.619545,-0.090169
6.5000,3.480453,0.560638,2.029719,-1.530888,1.761795,-0.054730
6.5200,3.490157,0.566894,2.032363,-1.427083,1.548222,-0.040433
6.5400,3.500404,0.572794,2.035316,-1.486270,1.311957,-0.054686
6.5600,3.511169,0.578562,2.037336,-1.597898,1.369963,-0.070608
6.5800,3.522274,0.584074,2.038247,-1.661974,1.440565,-0.072643
6.6000,3.533708,0.589639,2.038562,-1.708764,1.538921,-0.064084
6.6200,3.545464,0.595362,2.038450,-1.679380,1.875317,-0.059720
6.6400,3.557490,0.601049,2.038038,-1.585153,2.279765,-0.057810
6.6600,3.569764,0.606715,2.037079,-1.399710,2.679876,-0.049649
6.6800,3.582268,0.612227,2.035975,-1.115145,3.011430,-0.024542
6.7000,3.594980,0.617655,2.035106,-1.127803,3.327235,0.030809
6.7200,3.607944,0.622821,2.034961,-1.028417,3.137955,0.087741
6.7400,3.621909,0.627055,2.035276,-0.886032,1.538436,0.085838
6.7600,3.637656,0.630200,2.033177,-1.547646,1.922376,0.062144
6.7800,3.653098,0.633911,2.029522,-1.718621,1.608128,0.012839
6.8000,3.664690,0.639178,2.028997,-1.612700,1.448233,-0.060716
6.8200,3.675452,0.644107,2.030647,-1.341712,1.360879,-0.091551
6.8400,3.686713,0.648492,2.032930,-1.330853,1.596574,-0.078875
6.8600,3.698050,0.652763,2.034994,-1.440561,1.879472,-0.049977
6.8800,3.709195,0.657147,2.036527,-1.419272,1.758214,-0.022339
6.9000,3.720178,0.661590,2.037802,-1.255056,1.213145,-0.013632
6.9200,3.731415,0.666056,2.038900,-1.394466,0.972422,-0.018721
6.9400,3.742848,0.670798,2.039818,-1.468156,1.077487,-0.019224
6.9600,3.754759,0.675946,2.040871,-1.490450,1.233655,-0.019405
6.9800,3.767340,0.681323,2.042145,-1.556823,1.256199,-0.022917
7.0000,3.780293,0.686987,2.043691,-1.627673,1.229133,-0.016629
7.0200,3.793644,0.692956,2.045229,-1.630254,1.135236,-0.008888
7.0400,3.807346,0.699256,2.046483,-1.550423,0.990353,0.000239
7.0600,3.821409,0.705834,2.047194,-1.397965,0.847434,0.012210
7.0800,3.835758,0.712645,2.047108,-1.136472,1.102950,0.033511
7.1000,3.850264,0.719709,2.045966,-0.797979,1.428530,0.070878
7.1200,3.864680,0.727040,2.043385,-0.774754,1.647982,0.107643
7.1400,3.878959,0.734988,2.039241,-0.821462,1.453697,0.119860
7.1600,3.893627,0.743754,2.033429,-0.900874,1.167917,0.047620
7.1800,3.908582,0.751546,2.027698,-1.868293,1.712341,-0.076282
7.2000,3.921902,0.756919,2.026223,-1.824164,1.644179,-0.030434
7.2200,3.934334,0.762223,2.027574,-1.611089,1.471498,-0.009264
7.2400,3.946292,0.767288,2.030135,-1.382446,1.696836,0.012257
7.2600,3.958017,0.772001,2.033001,-1.035501,1.798874,0.036754
7.2800,3.969612,0.776487,2.035360,-1.058570,1.870110,0.027420
7.3000,3.981087,0.780446,2.037109,-1.114773,1.682268,0.017377
7.3200,3.992665,0.783926,2.038232,-1.262839,1.247029,0.003143
7.3400,4.004548,0.786934,2.038957,-1.444983,1.061866,-0.013429
7.3600,4.016803,0.789479,2.039618,-1.635999,1.157968,-0.027561
7.3800,4.029468,0.791629,2.040172,-1.773984,1.386532,-0.028576
7.4000,4.042573,0.793503,2.040561,-1.909482,1.509567,-0.030419
7.4200,4.056139,0.795168,2.040657,-1.994463,1.529512,-0.034040
7.4400,4.070228,0.796652,2.040371,-2.003319,1.461134,-0.038038
7.4600,4.084887,0.797959,2.039648,-1.924392,1.291297,-0.038774
7.4800,4.100093,0.799117,2.038425,-1.774844,1.421819,-0.034526
7.5000,4.115783,0.800181,2.036699,-1.561783,1.651044,-0.026001
7.5200,4.131806,0.801110,2.034391,-1.301560,1.825006,-0.005527
7.5400,4.148067,0.801761,2.031274,-0.976193,1.926330,0.023523
7.5600,4.164544,0.802012,2.027232,-0.650137,1.989945,0.056419
7.5800,4.181160,0.802178,2.022694,-0.829463,1.663116,0.107681
7.6000,4.197442,0.802521,2.019794,-1.109965,1.970120,0.075144
7.6200,4.211700,0.803730,2.019889,-1.682394,2.108153,0.024944
7.6400,4.224740,0.805038,2.022203,-1.594480,1.649497,-0.012005
7.6600,4.237438,0.806035,2.025624,-1.530568,1.142622,-0.046629
7.6800,4.249643,0.806874,2.029021,-1.389819,1.644054,-0.061827
7.7000,4.261329,0.807741,2.031669,-1.400390,2.022201,-0.056397
7.7200,4.272493,0.808959,2.033707,-1.415045,2.121677,-0.052551
7.7400,4.283496,0.810399,2.035229,-1.354703,2.000700,-0.039488
7.7600,4.294434,0.812115,2.036360,-1.300102,1.742122,-0.041339
7.7800,4.305297,0.814128,2.037377,-1.324360,1.412706,-0.033945
7.8000,4.316278,0.816361,2.038443,-1.391534,1.011171,-0.024539
7.8200,4.327476,0.818839,2.039846,-1.497870,1.100611,-0.025155
7.8400,4.338916,0.821566,2.041581,-1.640659,1.287442,-0.033454
7.8600,4.350673,0.824511,2.043421,-1.751977,1.372187,-0.042690
7.8800,4.362737,0.827771,2.045191,-1.814687,1.390903,-0.045672
7.9000,4.375144,0.831391,2.046657,-1.807207,1.355173,-0.042691
7.9200,4.387892,0.835421,2.047646,-1.711545,1.248630,-0.034343
7.9400,4.400966,0.839910,2.047974,-1.568553,1.129617,-0.021736
7.9600,4.414330,0.844911,2.047485,-1.332807,1.029183,-0.002187
7.9800,4.427905,0.850439,2.045878,-1.054340,1.032541,0.020083
8.0000,4.441575,0.855928,2.043498,-1.134103,1.231074,0.046043
8.0200,4.455299,0.861344,2.040501,-1.269565,1.196285,0.049771
8.0400,4.468366,0.866385,2.037940,-1.416172,1.630496,-0.059417
8.0600,4.479894,0.870150,2.038559,-1.657606,1.555401,-0.052749
8.0800,4.490731,0.873819,2.041085,-1.560509,1.222457,-0.026619
8.1000,4.501109,0.877299,2.044182,-1.438745,1.214641,-0.008477
8.1200,4.511241,0.880500,2.047071,-1.281613,1.461976,0.026495
8.1400,4.521238,0.883454,2.049247,-1.323189,1.720910,0.041069
8.1600,4.531157,0.885890,2.050556,-1.431760,1.707016,0.029409
8.1800,4.541139,0.887833,2.051196,-1.514998,1.473779,0.018132
8.2000,4.551390,0.889321,2.051439,-1.643147,1.082668,0.008588
8.2200,4.561918,0.890525,2.051528,-1.816638,1.116806,-0.008793
8.2400,4.572746,0.891436,2.051644,-1.964617,1.152748,-0.020471
8.2600,4.583960,0.892126,2.051734,-2.102760,1.173723,-0.033761
8.2800,4.595585,0.892569,2.051904,-2.253642,1.171484,-0.048428
8.3000,4.607705,0.892828,2.051904,-2.336268,1.252771,-0.054574
0.0200,0.001764,0.000468,0.898080,-1.402421,1.951396,0.018293
0.0400,0.003229,0.000943,0.892505,-1.443753,2.290422,0.057607
0.0600,0.003701,0.001239,0.883585,-1.755983,2.466137,0.115282
0.0800,0.003925,0.000275,0.874894,-1.579630,3.440087,0.199716
0.1000,0.004158,0.000138,0.870060,-1.209950,3.727810,0.191064
0.1200,0.003503,0.000454,0.867207,-0.762666,2.956327,0.115693
0.1400,0.001959,0.001589,0.863863,-0.996474,2.098967,0.050710
0.1600,0.000087,0.003586,0.858927,-1.236436,1.096910,-0.001669
0.1800,-0.001702,0.005965,0.852226,-1.335535,1.628323,-0.009036
0.2000,-0.004009,0.006246,0.849500,-1.390935,1.738195,-0.027587
0.2200,-0.006072,0.005461,0.849259,-1.232170,1.284049,-0.044184
0.2400,-0.008372,0.004637,0.849318,-1.092795,1.161461,-0.030877
0.2600,-0.010979,0.004076,0.848797,-0.994627,0.947068,-0.038518
0.2800,-0.013916,0.003313,0.847528,-0.772516,0.841284,-0.014698
0.3000,-0.017049,0.002043,0.844964,-0.924008,0.924190,-0.007030
0.3200,-0.019923,-0.000046,0.840435,-1.582565,0.877762,-0.083394
0.3400,-0.022987,-0.000292,0.837752,-1.754746,1.232182,-0.108161
0.3600,-0.025937,0.000426,0.837561,-1.618555,1.493235,-0.115400
0.3800,-0.028779,0.001263,0.838405,-1.699635,1.680816,-0.110713
0.4000,-0.031018,0.002325,0.839550,-1.793505,1.817057,-0.092189
0.4200,-0.032541,0.003678,0.840940,-1.733556,1.645435,-0.106963
0.4400,-0.033458,0.005169,0.842766,-1.728044,1.514990,-0.097771
0.4600,-0.033884,0.006836,0.844856,-1.709179,1.265617,-0.089180
0.4800,-0.033738,0.008744,0.847039,-1.635491,0.968200,-0.087253
0.5000,-0.032959,0.010850,0.849226,-1.681296,0.737279,-0.085397
0.5200,-0.031479,0.013191,0.851340,-1.668348,0.509415,-0.090490
0.5400,-0.029182,0.015832,0.853488,-1.626327,0.583917,-0.096431
0.5600,-0.026195,0.018799,0.855690,-1.589173,0.674416,-0.098219
0.5800,-0.022645,0.022222,0.857635,-1.467324,0.696916,-0.093542
0.6000,-0.018655,0.026242,0.859029,-1.273386,0.640167,-0.083396
0.6200,-0.014345,0.030900,0.859521,-1.333022,0.695744,-0.071265
0.6400,-0.009998,0.036315,0.858290,-1.459412,0.550523,-0.079860
0.6600,-0.004970,0.042656,0.853729,-1.755367,0.873793,-0.107432
0.6800,0.000304,0.049415,0.845909,-1.818344,0.929397,-0.167750
0.7000,0.002641,0.052288,0.842529,-1.584408,1.036043,-0.180150
0.7200,0.005386,0.053810,0.842360,-1.616284,1.366322,-0.137896
0.7400,0.008974,0.055081,0.843597,-1.582043,1.681803,-0.102942
0.7600,0.012832,0.056168,0.845150,-1.552139,1.762800,-0.080294
0.7800,0.016688,0.057109,0.846624,-1.402465,1.650989,-0.049439
0.8000,0.020582,0.057924,0.847914,-1.201360,1.344116,-0.033345
0.8200,0.024470,0.058659,0.848926,-1.095086,1.045456,-0.034720
0.8400,0.028365,0.059305,0.849504,-1.278261,0.873272,-0.057149
0.8600,0.032276,0.059724,0.849674,-1.490151,0.724615,-0.081907
0.8800,0.036175,0.059640,0.849912,-1.526275,0.583373,-0.080003
0.9000,0.039980,0.058951,0.850444,-1.547447,0.525123,-0.087009
0.9200,0.043805,0.057737,0.851249,-1.530717,0.533064,-0.098370
0.9400,0.047737,0.056074,0.852218,-1.367244,0.422175,-0.089715
0.9600,0.051782,0.054026,0.852822,-1.204805,0.378253,-0.088212
0.9800,0.055822,0.051498,0.852672,-0.980444,0.286835,-0.065235
1.0000,0.059813,0.048486,0.850921,-1.056984,0.310298,-0.036963
1.0200,0.063679,0.045095,0.845993,-1.519290,1.820305,-0.011674
1.0400,0.066639,0.043201,0.840776,-2.166767,2.196884,-0.087178
1.0600,0.071086,0.042540,0.838479,-1.793493,1.863568,-0.103426
1.0800,0.077495,0.042187,0.839283,-1.398082,1.690546,-0.084850
1.1000,0.084565,0.041931,0.841847,-1.520226,1.758049,-0.049645
1.1200,0.091618,0.041902,0.844729,-1.443510,1.813987,-0.022603
1.1400,0.098793,0.042241,0.847131,-1.271341,1.681917,-0.010699
1.1600,0.106353,0.042956,0.848837,-1.171871,1.474936,-0.002738
1.1800,0.114276,0.043904,0.849801,-1.164467,1.276928,-0.007633
1.2000,0.122564,0.044963,0.849915,-1.158261,1.059501,-0.006581
1.2200,0.131137,0.046123,0.849122,-1.275059,1.058454,-0.022273
1.2400,0.140071,0.047584,0.847547,-1.360544,1.106256,-0.023812
1.2600,0.149671,0.049976,0.845789,-1.386502,1.187849,-0.018576
1.2800,0.160321,0.053322,0.844936,-1.326471,1.149852,-0.016897
1.3000,0.171990,0.056965,0.844719,-1.293233,1.046371,-0.010606
1.3200,0.184303,0.060839,0.844678,-1.242087,0.945247,-0.001197
1.3400,0.197006,0.064978,0.844226,-1.151075,1.146645,0.018091
1.3600,0.209938,0.069344,0.843037,-0.965507,1.352797,0.041989
1.3800,0.222958,0.073950,0.840860,-0.870270,1.470154,0.078476
1.4000,0.235926,0.078900,0.837328,-0.799093,1.417319,0.117568
1.4200,0.249020,0.084534,0.832243,-0.969005,1.444793,0.043348
1.4400,0.261939,0.088530,0.828225,-1.835995,1.819024,-0.079947
1.4600,0.274774,0.091677,0.827530,-1.870964,1.605279,-0.035674
1.4800,0.287443,0.094933,0.829502,-1.624927,1.340156,-0.004165
1.5000,0.299847,0.097910,0.832814,-1.360641,1.508202,0.017644
1.5200,0.312155,0.100693,0.836506,-1.082613,1.596310,0.047690
1.5400,0.324420,0.103385,0.839731,-1.143574,1.423923,0.042019
1.5600,0.336786,0.105838,0.842147,-1.232785,1.052102,0.009335
1.5800,0.349328,0.107855,0.843723,-1.430125,0.891794,-0.012748
1.6000,0.362167,0.109273,0.844318,-1.609813,1.025889,-0.024340
1.6200,0.375414,0.110183,0.844272,-1.805986,1.235453,-0.035856
1.6400,0.389099,0.110556,0.843579,-1.920376,1.355862,-0.040457
1.6600,0.403414,0.110519,0.842385,-1.963054,1.337410,-0.045355
1.6800,0.418454,0.110169,0.840818,-1.909312,1.259336,-0.041448
1.7000,0.434177,0.109558,0.838858,-1.737185,1.158647,-0.031639
1.7200,0.450509,0.108695,0.836353,-1.522233,1.271031,-0.024847
1.7400,0.467386,0.107489,0.833030,-1.131659,1.527768,0.002456
1.7600,0.484549,0.105966,0.828639,-0.675193,1.732064,0.034048
1.7800,0.501730,0.104216,0.823168,-0.714728,1.632067,0.090987
1.8000,0.518285,0.103026,0.819338,-0.852947,1.966985,0.073040
1.8200,0.533356,0.102950,0.818777,-1.691742,2.223058,0.037346
1.8400,0.547888,0.103055,0.820245,-1.604965,1.833506,0.003123
1.8600,0.562086,0.103126,0.823097,-1.526366,1.239361,-0.036463
1.8800,0.575825,0.103230,0.826206,-1.356163,1.637625,-0.051141
1.9000,0.589106,0.103462,0.828771,-1.085777,1.978807,-0.051369
